﻿<?xml version="1.0" encoding="utf-8"?>
<deployment>
  <id>46f6042f-502d-4568-81d1-e7f44efc5b78</id>
  <author>N/A</author>
  <deployer>OneDeploy</deployer>
  <authorEmail>N/A</authorEmail>
  <message>OneDeploy</message>
  <progress></progress>
  <status>Success</status>
  <statusText></statusText>
  <lastSuccessEndTime>2025-09-09T20:22:16.2767568Z</lastSuccessEndTime>
  <receivedTime>2025-09-09T20:17:38.8146491Z</receivedTime>
  <startTime>2025-09-09T20:17:40.1885698Z</startTime>
  <endTime>2025-09-09T20:22:16.2767568Z</endTime>
  <complete>True</complete>
  <is_temp>False</is_temp>
  <is_readonly>True</is_readonly>
  <buildSummary />
</deployment>