﻿<?xml version="1.0" encoding="utf-8"?>
<deployment>
  <id>e52825ad-81b3-4428-a5b2-89161ed6330a</id>
  <author>N/A</author>
  <deployer>OneDeploy</deployer>
  <authorEmail>N/A</authorEmail>
  <message>OneDeploy</message>
  <progress></progress>
  <status>Success</status>
  <statusText></statusText>
  <lastSuccessEndTime>2025-09-09T19:17:53.4938037Z</lastSuccessEndTime>
  <receivedTime>2025-09-09T19:08:29.4927435Z</receivedTime>
  <startTime>2025-09-09T19:08:30.9786672Z</startTime>
  <endTime>2025-09-09T19:17:53.4938037Z</endTime>
  <complete>True</complete>
  <is_temp>False</is_temp>
  <is_readonly>True</is_readonly>
  <buildSummary />
</deployment>