﻿<?xml version="1.0" encoding="utf-8"?>
<deployment>
  <id>77b4ee0a-d61c-41c2-b298-3a741b8b4e69</id>
  <author>N/A</author>
  <deployer>OneDeploy</deployer>
  <authorEmail>N/A</authorEmail>
  <message>OneDeploy</message>
  <progress></progress>
  <status>Success</status>
  <statusText></statusText>
  <lastSuccessEndTime>2025-09-09T18:34:00.9162774Z</lastSuccessEndTime>
  <receivedTime>2025-09-09T18:22:52.0531986Z</receivedTime>
  <startTime>2025-09-09T18:22:53.3911535Z</startTime>
  <endTime>2025-09-09T18:34:00.9162774Z</endTime>
  <complete>True</complete>
  <is_temp>False</is_temp>
  <is_readonly>True</is_readonly>
  <buildSummary />
</deployment>