﻿<?xml version="1.0" encoding="utf-8"?>
<deployment>
  <id>4173e20d-092e-4446-9b88-3fe5cf2e6d06</id>
  <author>N/A</author>
  <deployer>OneDeploy</deployer>
  <authorEmail>N/A</authorEmail>
  <message>OneDeploy</message>
  <progress></progress>
  <status>Success</status>
  <statusText></statusText>
  <lastSuccessEndTime>2025-09-09T19:44:45.9286106Z</lastSuccessEndTime>
  <receivedTime>2025-09-09T19:38:19.6731871Z</receivedTime>
  <startTime>2025-09-09T19:38:21.1861831Z</startTime>
  <endTime>2025-09-09T19:44:45.9286106Z</endTime>
  <complete>True</complete>
  <is_temp>False</is_temp>
  <is_readonly>True</is_readonly>
  <buildSummary />
</deployment>