<step title="Incoming Request" date="2025-09-09T14:05:16.636" instance="fca8f8" url="/api/deployments/latest?deployer=OneDeploy&amp;time=2025-09-09_13-56-28Z" method="GET" type="request" pid="771,1,5" Host="api-alex-12345.scm.azurewebsites.net" User-Agent="GITHUBACTIONS_DeployWebAppToAzure_93b2a8734c166ac70374b214e038f5641fc9b695d39cc946faded8ce607cf795" Authorization="Bas..." Content-Type="application/json; charset=utf-8" Cookie="ARRAffinity=fca8f86e2aee5216a9504a5ef5a82caeab7a80b1093c88842a262c639a933047;Path=/;HttpOnly;Secure;Domain=api-alex-12345.scm.azurewebsites.net; ARRAffinitySameSite=fca8f86e2aee5216a9504a5ef5a82caeab7a80b1093c88842a262c639a933047;Path=/;HttpOnly;SameSite=None;Secure;Domain=api-alex-12345.scm.azurewebsites.net" Content-Length="0" X-ARR-LOG-ID="0a0061f6-38ba-4ccd-a514-2d97a8d15657" CLIENT-IP="52.159.245.162:54288" X-SITE-DEPLOYMENT-ID="api-alex-12345" WAS-DEFAULT-HOSTNAME="api-alex-12345.scm.azurewebsites.net" X-Forwarded-Proto="https" X-AppService-Proto="https" X-Forwarded-TlsVersion="1.3" X-WAWS-Unencoded-URL="/api/deployments/latest?deployer=OneDeploy&amp;time=2025-09-09_13-56-28Z" X-Client-IP="52.159.245.162" X-Client-Port="54288" >
  <step title="Cleanup Xml Logs" date="2025-09-09T14:05:16.696" >
    <step title="Cleanup Infos" date="2025-09-09T14:05:16.896" totalFiles="313" totalCleanup="153" /><!-- duration: 60ms -->
  </step><!-- duration: 351ms -->
  <step title="DeploymentService.GetResult" date="2025-09-09T14:05:17.078" >
    <step title="DeploymentService.GetLatestDeployment" date="2025-09-09T14:05:17.107" >
      <step title="DeploymentManager.GetResults" date="2025-09-09T14:05:17.109" /><!-- duration: 1015ms -->
    </step><!-- duration: 1037ms -->
  </step><!-- duration: 1097ms -->
  <step title="Outgoing response" date="2025-09-09T14:05:18.234" type="response" statusCode="202" statusText="Accepted" /><!-- duration: 22ms -->
</step><!-- duration: 1648ms -->
