<step title="Incoming Request" date="2025-09-09T14:02:53.418" instance="fca8f8" url="/api/deployments/latest?deployer=OneDeploy&amp;time=2025-09-09_13-56-28Z" method="GET" type="request" pid="771,1,30" Host="api-alex-12345.scm.azurewebsites.net" User-Agent="GITHUBACTIONS_DeployWebAppToAzure_93b2a8734c166ac70374b214e038f5641fc9b695d39cc946faded8ce607cf795" Authorization="Bas..." Content-Type="application/json; charset=utf-8" Cookie="ARRAffinity=fca8f86e2aee5216a9504a5ef5a82caeab7a80b1093c88842a262c639a933047;Path=/;HttpOnly;Secure;Domain=api-alex-12345.scm.azurewebsites.net; ARRAffinitySameSite=fca8f86e2aee5216a9504a5ef5a82caeab7a80b1093c88842a262c639a933047;Path=/;HttpOnly;SameSite=None;Secure;Domain=api-alex-12345.scm.azurewebsites.net" Content-Length="0" X-ARR-LOG-ID="c98d1d1a-ab4c-4589-ab92-7c6d890f2402" CLIENT-IP="52.159.245.162:54288" X-SITE-DEPLOYMENT-ID="api-alex-12345" WAS-DEFAULT-HOSTNAME="api-alex-12345.scm.azurewebsites.net" X-Forwarded-Proto="https" X-AppService-Proto="https" X-Forwarded-TlsVersion="1.3" X-WAWS-Unencoded-URL="/api/deployments/latest?deployer=OneDeploy&amp;time=2025-09-09_13-56-28Z" X-Client-IP="52.159.245.162" X-Client-Port="54288" >
  <step title="Cleanup Xml Logs" date="2025-09-09T14:02:53.419" >
    <step title="Cleanup Infos" date="2025-09-09T14:02:53.469" totalFiles="291" totalCleanup="131" /><!-- duration: 19ms -->
  </step><!-- duration: 81ms -->
  <step title="DeploymentService.GetResult" date="2025-09-09T14:02:53.540" >
    <step title="DeploymentService.GetLatestDeployment" date="2025-09-09T14:02:53.560" >
      <step title="DeploymentManager.GetResults" date="2025-09-09T14:02:53.570" /><!-- duration: 591ms -->
    </step><!-- duration: 613ms -->
  </step><!-- duration: 643ms -->
  <step title="Outgoing response" date="2025-09-09T14:02:54.201" type="response" statusCode="202" statusText="Accepted" /><!-- duration: 2ms -->
</step><!-- duration: 795ms -->
