<step title="Incoming Request" date="2025-09-09T14:18:32.866" instance="fca8f8" url="/api/deployments/latest?deployer=OneDeploy&amp;time=2025-09-09_14-15-32Z" method="GET" type="request" pid="771,1,5" Host="api-alex-12345.scm.azurewebsites.net" User-Agent="GITHUBACTIONS_DeployWebAppToAzure_93b2a8734c166ac70374b214e038f5641fc9b695d39cc946faded8ce607cf795" Authorization="Bas..." Content-Type="application/json; charset=utf-8" Cookie="ARRAffinity=fca8f86e2aee5216a9504a5ef5a82caeab7a80b1093c88842a262c639a933047;Path=/;HttpOnly;Secure;Domain=api-alex-12345.scm.azurewebsites.net; ARRAffinitySameSite=fca8f86e2aee5216a9504a5ef5a82caeab7a80b1093c88842a262c639a933047;Path=/;HttpOnly;SameSite=None;Secure;Domain=api-alex-12345.scm.azurewebsites.net" Content-Length="0" X-ARR-LOG-ID="2430816b-2e43-46b9-9e00-6e65ca93af10" CLIENT-IP="172.184.214.224:17344" X-SITE-DEPLOYMENT-ID="api-alex-12345" WAS-DEFAULT-HOSTNAME="api-alex-12345.scm.azurewebsites.net" X-Forwarded-Proto="https" X-AppService-Proto="https" X-Forwarded-TlsVersion="1.3" X-WAWS-Unencoded-URL="/api/deployments/latest?deployer=OneDeploy&amp;time=2025-09-09_14-15-32Z" X-Client-IP="172.184.214.224" X-Client-Port="17344" >
  <step title="Cleanup Xml Logs" date="2025-09-09T14:18:32.925" >
    <step title="Cleanup Infos" date="2025-09-09T14:18:33.026" totalFiles="360" totalCleanup="200" /><!-- duration: 40ms -->
  </step><!-- duration: 171ms -->
  <step title="DeploymentService.GetResult" date="2025-09-09T14:18:33.126" >
    <step title="DeploymentService.GetLatestDeployment" date="2025-09-09T14:18:33.143" >
      <step title="DeploymentManager.GetResults" date="2025-09-09T14:18:33.148" /><!-- duration: 1054ms -->
    </step><!-- duration: 1072ms -->
  </step><!-- duration: 1098ms -->
  <step title="Outgoing response" date="2025-09-09T14:18:34.446" type="response" statusCode="202" statusText="Accepted" /><!-- duration: 19ms -->
</step><!-- duration: 1621ms -->
