<step title="Incoming Request" date="2025-09-09T13:38:17.115" instance="fca8f8" url="/api/deployments/latest?deployer=OneDeploy&amp;time=2025-09-09_13-28-18Z" method="GET" type="request" pid="771,1,34" Host="api-alex-12345.scm.azurewebsites.net" User-Agent="GITHUBACTIONS_DeployWebAppToAzure_93b2a8734c166ac70374b214e038f5641fc9b695d39cc946faded8ce607cf795" Authorization="Bas..." Content-Type="application/json; charset=utf-8" Cookie="ARRAffinity=fca8f86e2aee5216a9504a5ef5a82caeab7a80b1093c88842a262c639a933047;Path=/;HttpOnly;Secure;Domain=api-alex-12345.scm.azurewebsites.net; ARRAffinitySameSite=fca8f86e2aee5216a9504a5ef5a82caeab7a80b1093c88842a262c639a933047;Path=/;HttpOnly;SameSite=None;Secure;Domain=api-alex-12345.scm.azurewebsites.net" Content-Length="0" X-ARR-LOG-ID="03156b24-069b-4178-8e9b-c2af3a8bcbea" CLIENT-IP="68.220.59.57:14409" X-SITE-DEPLOYMENT-ID="api-alex-12345" WAS-DEFAULT-HOSTNAME="api-alex-12345.scm.azurewebsites.net" X-Forwarded-Proto="https" X-AppService-Proto="https" X-Forwarded-TlsVersion="1.3" X-WAWS-Unencoded-URL="/api/deployments/latest?deployer=OneDeploy&amp;time=2025-09-09_13-28-18Z" X-Client-IP="68.220.59.57" X-Client-Port="14409" >
  <step title="Cleanup Xml Logs" date="2025-09-09T13:38:17.124" >
    <step title="Cleanup Infos" date="2025-09-09T13:38:17.147" totalFiles="226" totalCleanup="66" /><!-- duration: 18ms -->
  </step><!-- duration: 42ms -->
  <step title="DeploymentService.GetResult" date="2025-09-09T13:38:17.196" >
    <step title="DeploymentService.GetLatestDeployment" date="2025-09-09T13:38:17.205" >
      <step title="DeploymentManager.GetResults" date="2025-09-09T13:38:17.224" /><!-- duration: 786ms -->
    </step><!-- duration: 824ms -->
  </step><!-- duration: 835ms -->
  <step title="Outgoing response" date="2025-09-09T13:38:18.060" type="response" statusCode="202" statusText="Accepted" /><!-- duration: 60ms -->
</step><!-- duration: 1025ms -->
