<step title="Incoming Request" date="2025-09-09T14:05:02.686" instance="fca8f8" url="/api/deployments/latest?deployer=OneDeploy&amp;time=2025-09-09_13-56-28Z" method="GET" type="request" pid="771,1,5" Host="api-alex-12345.scm.azurewebsites.net" User-Agent="GITHUBACTIONS_DeployWebAppToAzure_93b2a8734c166ac70374b214e038f5641fc9b695d39cc946faded8ce607cf795" Authorization="Bas..." Content-Type="application/json; charset=utf-8" Cookie="ARRAffinity=fca8f86e2aee5216a9504a5ef5a82caeab7a80b1093c88842a262c639a933047;Path=/;HttpOnly;Secure;Domain=api-alex-12345.scm.azurewebsites.net; ARRAffinitySameSite=fca8f86e2aee5216a9504a5ef5a82caeab7a80b1093c88842a262c639a933047;Path=/;HttpOnly;SameSite=None;Secure;Domain=api-alex-12345.scm.azurewebsites.net" Content-Length="0" X-ARR-LOG-ID="0cf734f1-ad72-4dfc-a55a-287bd40ef819" CLIENT-IP="52.159.245.162:54288" X-SITE-DEPLOYMENT-ID="api-alex-12345" WAS-DEFAULT-HOSTNAME="api-alex-12345.scm.azurewebsites.net" X-Forwarded-Proto="https" X-AppService-Proto="https" X-Forwarded-TlsVersion="1.3" X-WAWS-Unencoded-URL="/api/deployments/latest?deployer=OneDeploy&amp;time=2025-09-09_13-56-28Z" X-Client-IP="52.159.245.162" X-Client-Port="54288" >
  <step title="Cleanup Xml Logs" date="2025-09-09T14:05:02.689" >
    <step title="Cleanup Infos" date="2025-09-09T14:05:02.920" totalFiles="311" totalCleanup="151" /><!-- duration: 71ms -->
  </step><!-- duration: 370ms -->
  <step title="DeploymentService.GetResult" date="2025-09-09T14:05:03.150" >
    <step title="DeploymentService.GetLatestDeployment" date="2025-09-09T14:05:03.180" >
      <step title="DeploymentManager.GetResults" date="2025-09-09T14:05:03.230" /><!-- duration: 997ms -->
    </step><!-- duration: 1067ms -->
  </step><!-- duration: 1116ms -->
  <step title="Outgoing response" date="2025-09-09T14:05:04.286" type="response" statusCode="202" statusText="Accepted" /><!-- duration: 3ms -->
</step><!-- duration: 1610ms -->
