<step title="Incoming Request" date="2025-09-09T13:57:20.762" instance="fca8f8" url="/api/deployments/latest?deployer=OneDeploy&amp;time=2025-09-09_13-56-28Z" method="GET" type="request" pid="771,1,34" Host="api-alex-12345.scm.azurewebsites.net" User-Agent="GITHUBACTIONS_DeployWebAppToAzure_93b2a8734c166ac70374b214e038f5641fc9b695d39cc946faded8ce607cf795" Authorization="Bas..." Content-Type="application/json; charset=utf-8" Cookie="ARRAffinity=fca8f86e2aee5216a9504a5ef5a82caeab7a80b1093c88842a262c639a933047;Path=/;HttpOnly;Secure;Domain=api-alex-12345.scm.azurewebsites.net; ARRAffinitySameSite=fca8f86e2aee5216a9504a5ef5a82caeab7a80b1093c88842a262c639a933047;Path=/;HttpOnly;SameSite=None;Secure;Domain=api-alex-12345.scm.azurewebsites.net" Content-Length="0" X-ARR-LOG-ID="2c3babdd-574e-4a82-91f6-03b376ef3643" CLIENT-IP="52.159.245.162:54288" X-SITE-DEPLOYMENT-ID="api-alex-12345" WAS-DEFAULT-HOSTNAME="api-alex-12345.scm.azurewebsites.net" X-Forwarded-Proto="https" X-AppService-Proto="https" X-Forwarded-TlsVersion="1.3" X-WAWS-Unencoded-URL="/api/deployments/latest?deployer=OneDeploy&amp;time=2025-09-09_13-56-28Z" X-Client-IP="52.159.245.162" X-Client-Port="54288" >
  <step title="Cleanup Xml Logs" date="2025-09-09T13:57:20.780" >
    <step title="Cleanup Infos" date="2025-09-09T13:57:20.850" totalFiles="241" totalCleanup="81" /><!-- duration: 32ms -->
  </step><!-- duration: 111ms -->
  <step title="DeploymentService.GetResult" date="2025-09-09T13:57:20.902" >
    <step title="DeploymentService.GetLatestDeployment" date="2025-09-09T13:57:20.904" >
      <step title="DeploymentManager.GetResults" date="2025-09-09T13:57:20.932" /><!-- duration: 1027ms -->
    </step><!-- duration: 1074ms -->
  </step><!-- duration: 1087ms -->
  <step title="Outgoing response" date="2025-09-09T13:57:22.017" type="response" statusCode="202" statusText="Accepted" /><!-- duration: 31ms -->
</step><!-- duration: 1308ms -->
