<step title="Incoming Request" date="2025-09-09T14:04:23.400" instance="fca8f8" url="/api/deployments/latest?deployer=OneDeploy&amp;time=2025-09-09_13-56-28Z" method="GET" type="request" pid="771,1,29" Host="api-alex-12345.scm.azurewebsites.net" User-Agent="GITHUBACTIONS_DeployWebAppToAzure_93b2a8734c166ac70374b214e038f5641fc9b695d39cc946faded8ce607cf795" Authorization="Bas..." Content-Type="application/json; charset=utf-8" Cookie="ARRAffinity=fca8f86e2aee5216a9504a5ef5a82caeab7a80b1093c88842a262c639a933047;Path=/;HttpOnly;Secure;Domain=api-alex-12345.scm.azurewebsites.net; ARRAffinitySameSite=fca8f86e2aee5216a9504a5ef5a82caeab7a80b1093c88842a262c639a933047;Path=/;HttpOnly;SameSite=None;Secure;Domain=api-alex-12345.scm.azurewebsites.net" Content-Length="0" X-ARR-LOG-ID="ee80feb6-e3ff-45cb-aff8-1ece3dd8c603" CLIENT-IP="52.159.245.162:54288" X-SITE-DEPLOYMENT-ID="api-alex-12345" WAS-DEFAULT-HOSTNAME="api-alex-12345.scm.azurewebsites.net" X-Forwarded-Proto="https" X-AppService-Proto="https" X-Forwarded-TlsVersion="1.3" X-WAWS-Unencoded-URL="/api/deployments/latest?deployer=OneDeploy&amp;time=2025-09-09_13-56-28Z" X-Client-IP="52.159.245.162" X-Client-Port="54288" >
  <step title="Cleanup Xml Logs" date="2025-09-09T14:04:23.409" >
    <step title="Cleanup Infos" date="2025-09-09T14:04:23.478" totalFiles="305" totalCleanup="145" /><!-- duration: 12ms -->
  </step><!-- duration: 89ms -->
  <step title="DeploymentService.GetResult" date="2025-09-09T14:04:23.508" >
    <step title="DeploymentService.GetLatestDeployment" date="2025-09-09T14:04:23.510" >
      <step title="DeploymentManager.GetResults" date="2025-09-09T14:04:23.511" /><!-- duration: 964ms -->
    </step><!-- duration: 983ms -->
  </step><!-- duration: 998ms -->
  <step title="Outgoing response" date="2025-09-09T14:04:24.535" type="response" statusCode="202" statusText="Accepted" /><!-- duration: 9ms -->
</step><!-- duration: 1146ms -->
