<step title="BackgroundTrace" date="2025-09-09T14:38:06.251" instance="fca8f8" url="/api/publish" method="POST" >
  <step title="Cleanup Xml Logs" date="2025-09-09T14:38:06.278" >
    <step title="Cleanup Infos" date="2025-09-09T14:38:06.399" totalFiles="409" totalCleanup="249" /><!-- duration: 32ms -->
  </step><!-- duration: 163ms -->
  <step title="Creating temporary deployment - FetchDeploymentManager" date="2025-09-09T14:38:06.592" /><!-- duration: 9ms -->
  <step title="Creating temporary deployment" date="2025-09-09T14:38:06.610" /><!-- duration: 72ms -->
  <step title="Performing fetch based deployment" date="2025-09-09T14:38:06.712" >
    <step title="Cleaning up temp folders from previous zip deployments and extracting pushed zip file /tmp/zipdeploy/d2bfeddd-3ad7-4225-a6d1-7135d8ad839f.zip (143.42 MB) to /tmp/zipdeploy/extracted" date="2025-09-09T14:38:07.887" >
      <step title="ChmodRecursive Process exited with total time taken in ms: 980" date="2025-09-09T14:38:44.411" /><!-- duration: 8ms -->
    </step><!-- duration: 36550ms -->
    <step title="Deployment timer started" date="2025-09-09T14:38:46.452" >
      <step title="DeploymentManager.Deploy(id:629da0a0-5be5-425c-b8a0-6b608cc26067)" date="2025-09-09T14:38:46.454" >
        <step title="Collecting changeset information" date="2025-09-09T14:38:46.475" /><!-- duration: 122ms -->
        <step title="Updating submodules" date="2025-09-09T14:38:46.601" /><!-- duration: 1138ms -->
        <step title="Determining deployment builder" date="2025-09-09T14:38:47.951" >
          <step title="Builder is OryxBuilder" date="2025-09-09T14:38:47.972" /><!-- duration: 2ms -->
        </step><!-- duration: 25ms -->
        <step title="PreDeployment: context.CleanOutputPath False" date="2025-09-09T14:38:48.029" >
          <step title="PreDeployment: context.OutputPath /home/site/wwwroot" date="2025-09-09T14:38:48.153" >
            <step title="Building" date="2025-09-09T14:38:48.307" >
              <step title="Executing external process" date="2025-09-09T14:38:48.777" type="process" path="bash" arguments="-c &quot;oryx build /tmp/zipdeploy/extracted -o /home/site/wwwroot --platform python --platform-version 3.12 -p virtualenv_name=antenv --log-file /tmp/build-debug.log  -i /tmp/8ddefae9635946f --compress-destination-dir | tee /tmp/oryx-build.log ; exit $PIPESTATUS &quot;" >
                <step title="Cpu: gzip(7316,43.760s)+sh(7315,0.000s)+tar(7314,2.940s)+build.sh(7189,0.060s)+oryx(7170,5.650s)+tee(7171,0.000s)+bash(7169,0.000s)=total(52.380s)" date="2025-09-09T14:41:45.907" /><!-- duration: 19ms -->
                <step title="bash: no io activity for 61s, prev-cpu=-1.000s, current-cpu=52.380s" date="2025-09-09T14:41:45.936" /><!-- duration: 20ms -->
                <step title="Cpu: gzip(7316,72.340s)+sh(7315,0.000s)+tar(7314,5.650s)+build.sh(7189,0.060s)+oryx(7170,5.990s)+tee(7171,0.000s)+bash(7169,0.000s)=total(84.040s)" date="2025-09-09T14:42:46.522" /><!-- duration: 9ms -->
                <step title="bash: no io activity for 122s, prev-cpu=52.380s, current-cpu=84.040s" date="2025-09-09T14:42:46.533" /><!-- duration: 18ms -->
              </step><!-- duration: 246251ms -->
              <step title="Using PythonDeploymentLogParser" date="2025-09-09T14:42:56.007" /><!-- duration: 6ms -->
              <step title="Modified file to trigger a restart of the app container." date="2025-09-09T14:42:57.703" /><!-- duration: 9ms -->
              <step title="Skip function trigger and logicapp sync because function is not enabled." date="2025-09-09T14:42:57.753" /><!-- duration: 8ms -->
            </step><!-- duration: 250660ms -->
          </step><!-- duration: 250816ms -->
          <step title="Cleaning up temp files" date="2025-09-09T14:42:58.971" /><!-- duration: 4595ms -->
          <step title="Cleaning up temp files" date="2025-09-09T14:43:03.569" /><!-- duration: 515ms -->
          <step title="Reloading status file with latest updates" date="2025-09-09T14:43:04.153" >
            <step title="WebHooksManager.PublishEventAsync: PostDeployment" date="2025-09-09T14:43:04.163" /><!-- duration: 152ms -->
          </step><!-- duration: 163ms -->
          <step title="Cleaning up temporary deployment - fetch deployment was successful" date="2025-09-09T14:43:04.323" /><!-- duration: 2ms -->
        </step><!-- duration: 256368ms -->
      </step><!-- duration: 257971ms -->
