<step title="BackgroundTrace" date="2025-09-09T14:15:31.866" instance="fca8f8" url="/api/publish" method="POST" >
  <step title="Cleanup Xml Logs" date="2025-09-09T14:15:31.878" >
    <step title="Cleanup Infos" date="2025-09-09T14:15:31.938" totalFiles="333" totalCleanup="173" /><!-- duration: 10ms -->
  </step><!-- duration: 80ms -->
  <step title="Creating temporary deployment - FetchDeploymentManager" date="2025-09-09T14:15:32.108" /><!-- duration: 2ms -->
  <step title="Creating temporary deployment" date="2025-09-09T14:15:32.120" /><!-- duration: 213ms -->
  <step title="Performing fetch based deployment" date="2025-09-09T14:15:32.541" >
    <step title="Cleaning up temp folders from previous zip deployments and extracting pushed zip file /tmp/zipdeploy/89dc7e60-5cf2-42f2-a97a-c295fd30bd39.zip (143.42 MB) to /tmp/zipdeploy/extracted" date="2025-09-09T14:15:33.948" >
      <step title="ChmodRecursive Process exited with total time taken in ms: 650" date="2025-09-09T14:16:12.662" /><!-- duration: 22ms -->
    </step><!-- duration: 38745ms -->
    <step title="Deployment timer started" date="2025-09-09T14:16:14.777" >
      <step title="DeploymentManager.Deploy(id:cac480f9-5e51-4914-8f89-5dab5cc846e4)" date="2025-09-09T14:16:14.816" >
        <step title="Collecting changeset information" date="2025-09-09T14:16:14.879" /><!-- duration: 249ms -->
        <step title="Updating submodules" date="2025-09-09T14:16:15.158" /><!-- duration: 1525ms -->
        <step title="Determining deployment builder" date="2025-09-09T14:16:17.173" >
          <step title="Builder is OryxBuilder" date="2025-09-09T14:16:17.185" /><!-- duration: 1ms -->
        </step><!-- duration: 22ms -->
        <step title="PreDeployment: context.CleanOutputPath False" date="2025-09-09T14:16:17.274" >
          <step title="PreDeployment: context.OutputPath /home/site/wwwroot" date="2025-09-09T14:16:17.399" >
            <step title="Building" date="2025-09-09T14:16:17.572" >
              <step title="Executing external process" date="2025-09-09T14:16:18.306" type="process" path="bash" arguments="-c &quot;oryx build /tmp/zipdeploy/extracted -o /home/site/wwwroot --platform python --platform-version 3.12 -p virtualenv_name=antenv --log-file /tmp/build-debug.log  -i /tmp/8ddefab7112cac8 --compress-destination-dir | tee /tmp/oryx-build.log ; exit $PIPESTATUS &quot;" >
                <step title="Cpu: gzip(6708,43.550s)+sh(6707,0.000s)+tar(6706,2.610s)+build.sh(6573,0.060s)+oryx(6553,5.790s)+tee(6554,0.000s)+bash(6552,0.000s)=total(51.990s)" date="2025-09-09T14:19:33.991" /><!-- duration: 9ms -->
                <step title="bash: no io activity for 60s, prev-cpu=-1.000s, current-cpu=51.990s" date="2025-09-09T14:19:34.020" /><!-- duration: 29ms -->
              </step><!-- duration: 243440ms -->
              <step title="Using PythonDeploymentLogParser" date="2025-09-09T14:20:22.210" /><!-- duration: 2ms -->
              <step title="Modified file to trigger a restart of the app container." date="2025-09-09T14:20:23.625" /><!-- duration: 2ms -->
              <step title="Skip function trigger and logicapp sync because function is not enabled." date="2025-09-09T14:20:23.635" /><!-- duration: 10ms -->
            </step><!-- duration: 247132ms -->
          </step><!-- duration: 247324ms -->
          <step title="Cleaning up temp files" date="2025-09-09T14:20:24.725" /><!-- duration: 3870ms -->
          <step title="Cleaning up temp files" date="2025-09-09T14:20:28.605" /><!-- duration: 517ms -->
          <step title="Reloading status file with latest updates" date="2025-09-09T14:20:29.164" >
            <step title="WebHooksManager.PublishEventAsync: PostDeployment" date="2025-09-09T14:20:29.166" /><!-- duration: 109ms -->
          </step><!-- duration: 121ms -->
          <step title="Cleaning up temporary deployment - fetch deployment was successful" date="2025-09-09T14:20:29.296" /><!-- duration: 8ms -->
        </step><!-- duration: 252090ms -->
      </step><!-- duration: 254565ms -->
