<step title="Incoming Request" date="2025-09-09T13:58:40.316" instance="fca8f8" url="/api/deployments/latest?deployer=OneDeploy&amp;time=2025-09-09_13-56-28Z" method="GET" type="request" pid="771,1,39" Host="api-alex-12345.scm.azurewebsites.net" User-Agent="GITHUBACTIONS_DeployWebAppToAzure_93b2a8734c166ac70374b214e038f5641fc9b695d39cc946faded8ce607cf795" Authorization="Bas..." Content-Type="application/json; charset=utf-8" Cookie="ARRAffinity=fca8f86e2aee5216a9504a5ef5a82caeab7a80b1093c88842a262c639a933047;Path=/;HttpOnly;Secure;Domain=api-alex-12345.scm.azurewebsites.net; ARRAffinitySameSite=fca8f86e2aee5216a9504a5ef5a82caeab7a80b1093c88842a262c639a933047;Path=/;HttpOnly;SameSite=None;Secure;Domain=api-alex-12345.scm.azurewebsites.net" Content-Length="0" X-ARR-LOG-ID="d7f3de35-62c8-4423-99c2-d63b76d8f60a" CLIENT-IP="52.159.245.162:54288" X-SITE-DEPLOYMENT-ID="api-alex-12345" WAS-DEFAULT-HOSTNAME="api-alex-12345.scm.azurewebsites.net" X-Forwarded-Proto="https" X-AppService-Proto="https" X-Forwarded-TlsVersion="1.3" X-WAWS-Unencoded-URL="/api/deployments/latest?deployer=OneDeploy&amp;time=2025-09-09_13-56-28Z" X-Client-IP="52.159.245.162" X-Client-Port="54288" >
  <step title="Cleanup Xml Logs" date="2025-09-09T13:58:40.328" >
    <step title="Cleanup Infos" date="2025-09-09T13:58:40.368" totalFiles="253" totalCleanup="93" /><!-- duration: 10ms -->
  </step><!-- duration: 59ms -->
  <step title="DeploymentService.GetResult" date="2025-09-09T13:58:40.399" >
    <step title="DeploymentService.GetLatestDeployment" date="2025-09-09T13:58:40.408" >
      <step title="DeploymentManager.GetResults" date="2025-09-09T13:58:40.409" /><!-- duration: 571ms -->
    </step><!-- duration: 575ms -->
  </step><!-- duration: 592ms -->
  <step title="Outgoing response" date="2025-09-09T13:58:41.000" type="response" statusCode="202" statusText="Accepted" /><!-- duration: 2ms -->
</step><!-- duration: 695ms -->
