<step title="Incoming Request" date="2025-09-09T14:41:11.109" instance="fca8f8" url="/api/deployments/latest?deployer=OneDeploy&amp;time=2025-09-09_14-38-06Z" method="GET" type="request" pid="771,1,24" Host="api-alex-12345.scm.azurewebsites.net" User-Agent="GITHUBACTIONS_DeployWebAppToAzure_93b2a8734c166ac70374b214e038f5641fc9b695d39cc946faded8ce607cf795" Authorization="Bas..." Content-Type="application/json; charset=utf-8" Cookie="ARRAffinity=fca8f86e2aee5216a9504a5ef5a82caeab7a80b1093c88842a262c639a933047;Path=/;HttpOnly;Secure;Domain=api-alex-12345.scm.azurewebsites.net; ARRAffinitySameSite=fca8f86e2aee5216a9504a5ef5a82caeab7a80b1093c88842a262c639a933047;Path=/;HttpOnly;SameSite=None;Secure;Domain=api-alex-12345.scm.azurewebsites.net" Content-Length="0" X-ARR-LOG-ID="18bbfe92-b7b4-4747-8497-860b975ab573" CLIENT-IP="172.182.196.57:34882" X-SITE-DEPLOYMENT-ID="api-alex-12345" WAS-DEFAULT-HOSTNAME="api-alex-12345.scm.azurewebsites.net" X-Forwarded-Proto="https" X-AppService-Proto="https" X-Forwarded-TlsVersion="1.3" X-WAWS-Unencoded-URL="/api/deployments/latest?deployer=OneDeploy&amp;time=2025-09-09_14-38-06Z" X-Client-IP="172.182.196.57" X-Client-Port="34882" >
  <step title="Cleanup Xml Logs" date="2025-09-09T14:41:11.117" >
    <step title="Cleanup Infos" date="2025-09-09T14:41:11.151" totalFiles="437" totalCleanup="277" /><!-- duration: 9ms -->
  </step><!-- duration: 51ms -->
  <step title="DeploymentService.GetResult" date="2025-09-09T14:41:11.180" >
    <step title="DeploymentService.GetLatestDeployment" date="2025-09-09T14:41:11.188" >
      <step title="DeploymentManager.GetResults" date="2025-09-09T14:41:11.190" /><!-- duration: 825ms -->
    </step><!-- duration: 836ms -->
  </step><!-- duration: 854ms -->
  <step title="Outgoing response" date="2025-09-09T14:41:12.043" type="response" statusCode="202" statusText="Accepted" /><!-- duration: 12ms -->
</step><!-- duration: 955ms -->
