<step title="Incoming Request" date="2025-09-09T13:58:06.951" instance="fca8f8" url="/api/deployments/latest?deployer=OneDeploy&amp;time=2025-09-09_13-56-28Z" method="GET" type="request" pid="771,1,39" Host="api-alex-12345.scm.azurewebsites.net" User-Agent="GITHUBACTIONS_DeployWebAppToAzure_93b2a8734c166ac70374b214e038f5641fc9b695d39cc946faded8ce607cf795" Authorization="Bas..." Content-Type="application/json; charset=utf-8" Cookie="ARRAffinity=fca8f86e2aee5216a9504a5ef5a82caeab7a80b1093c88842a262c639a933047;Path=/;HttpOnly;Secure;Domain=api-alex-12345.scm.azurewebsites.net; ARRAffinitySameSite=fca8f86e2aee5216a9504a5ef5a82caeab7a80b1093c88842a262c639a933047;Path=/;HttpOnly;SameSite=None;Secure;Domain=api-alex-12345.scm.azurewebsites.net" Content-Length="0" X-ARR-LOG-ID="8ecabd96-8e52-4556-9ccc-2a05a1c50bcc" CLIENT-IP="52.159.245.162:54290" X-SITE-DEPLOYMENT-ID="api-alex-12345" WAS-DEFAULT-HOSTNAME="api-alex-12345.scm.azurewebsites.net" X-Forwarded-Proto="https" X-AppService-Proto="https" X-Forwarded-TlsVersion="1.3" X-WAWS-Unencoded-URL="/api/deployments/latest?deployer=OneDeploy&amp;time=2025-09-09_13-56-28Z" X-Client-IP="52.159.245.162" X-Client-Port="54290" >
  <step title="Cleanup Xml Logs" date="2025-09-09T13:58:06.960" >
    <step title="Cleanup Infos" date="2025-09-09T13:58:06.990" totalFiles="248" totalCleanup="88" /><!-- duration: 10ms -->
  </step><!-- duration: 42ms -->
  <step title="DeploymentService.GetResult" date="2025-09-09T13:58:07.012" >
    <step title="DeploymentService.GetLatestDeployment" date="2025-09-09T13:58:07.020" >
      <step title="DeploymentManager.GetResults" date="2025-09-09T13:58:07.022" /><!-- duration: 784ms -->
    </step><!-- duration: 805ms -->
  </step><!-- duration: 815ms -->
  <step title="Outgoing response" date="2025-09-09T13:58:07.836" type="response" statusCode="202" statusText="Accepted" /><!-- duration: 9ms -->
</step><!-- duration: 895ms -->
