<step title="Incoming Request" date="2025-09-09T13:36:04.161" instance="fca8f8" url="/api/deployments/latest?deployer=OneDeploy&amp;time=2025-09-09_13-28-18Z" method="GET" type="request" pid="771,1,29" Host="api-alex-12345.scm.azurewebsites.net" User-Agent="GITHUBACTIONS_DeployWebAppToAzure_93b2a8734c166ac70374b214e038f5641fc9b695d39cc946faded8ce607cf795" Authorization="Bas..." Content-Type="application/json; charset=utf-8" Cookie="ARRAffinity=fca8f86e2aee5216a9504a5ef5a82caeab7a80b1093c88842a262c639a933047;Path=/;HttpOnly;Secure;Domain=api-alex-12345.scm.azurewebsites.net; ARRAffinitySameSite=fca8f86e2aee5216a9504a5ef5a82caeab7a80b1093c88842a262c639a933047;Path=/;HttpOnly;SameSite=None;Secure;Domain=api-alex-12345.scm.azurewebsites.net" Content-Length="0" X-ARR-LOG-ID="7831b71b-9230-42e4-9b35-97eed9c3d337" CLIENT-IP="68.220.59.57:14409" X-SITE-DEPLOYMENT-ID="api-alex-12345" WAS-DEFAULT-HOSTNAME="api-alex-12345.scm.azurewebsites.net" X-Forwarded-Proto="https" X-AppService-Proto="https" X-Forwarded-TlsVersion="1.3" X-WAWS-Unencoded-URL="/api/deployments/latest?deployer=OneDeploy&amp;time=2025-09-09_13-28-18Z" X-Client-IP="68.220.59.57" X-Client-Port="14409" >
  <step title="Cleanup Xml Logs" date="2025-09-09T13:36:04.280" >
    <step title="Cleanup Infos" date="2025-09-09T13:36:04.390" totalFiles="206" totalCleanup="46" /><!-- duration: 92ms -->
  </step><!-- duration: 283ms -->
  <step title="DeploymentService.GetResult" date="2025-09-09T13:36:04.592" >
    <step title="DeploymentService.GetLatestDeployment" date="2025-09-09T13:36:04.613" >
      <step title="DeploymentManager.GetResults" date="2025-09-09T13:36:04.652" /><!-- duration: 1014ms -->
    </step><!-- duration: 1086ms -->
  </step><!-- duration: 1117ms -->
  <step title="Outgoing response" date="2025-09-09T13:36:05.729" type="response" statusCode="202" statusText="Accepted" /><!-- duration: 2ms -->
</step><!-- duration: 1577ms -->
