<step title="Incoming Request" date="2025-09-09T14:05:09.929" instance="fca8f8" url="/api/deployments/latest?deployer=OneDeploy&amp;time=2025-09-09_13-56-28Z" method="GET" type="request" pid="771,1,5" Host="api-alex-12345.scm.azurewebsites.net" User-Agent="GITHUBACTIONS_DeployWebAppToAzure_93b2a8734c166ac70374b214e038f5641fc9b695d39cc946faded8ce607cf795" Authorization="Bas..." Content-Type="application/json; charset=utf-8" Cookie="ARRAffinity=fca8f86e2aee5216a9504a5ef5a82caeab7a80b1093c88842a262c639a933047;Path=/;HttpOnly;Secure;Domain=api-alex-12345.scm.azurewebsites.net; ARRAffinitySameSite=fca8f86e2aee5216a9504a5ef5a82caeab7a80b1093c88842a262c639a933047;Path=/;HttpOnly;SameSite=None;Secure;Domain=api-alex-12345.scm.azurewebsites.net" Content-Length="0" X-ARR-LOG-ID="0765c52c-eae9-4bc0-ad60-c110b24eaec0" CLIENT-IP="52.159.245.162:54290" X-SITE-DEPLOYMENT-ID="api-alex-12345" WAS-DEFAULT-HOSTNAME="api-alex-12345.scm.azurewebsites.net" X-Forwarded-Proto="https" X-AppService-Proto="https" X-Forwarded-TlsVersion="1.3" X-WAWS-Unencoded-URL="/api/deployments/latest?deployer=OneDeploy&amp;time=2025-09-09_13-56-28Z" X-Client-IP="52.159.245.162" X-Client-Port="54290" >
  <step title="Cleanup Xml Logs" date="2025-09-09T14:05:09.938" >
    <step title="Cleanup Infos" date="2025-09-09T14:05:09.989" totalFiles="312" totalCleanup="152" /><!-- duration: 31ms -->
  </step><!-- duration: 91ms -->
  <step title="DeploymentService.GetResult" date="2025-09-09T14:05:10.040" >
    <step title="DeploymentService.GetLatestDeployment" date="2025-09-09T14:05:10.059" >
      <step title="DeploymentManager.GetResults" date="2025-09-09T14:05:10.070" /><!-- duration: 833ms -->
    </step><!-- duration: 883ms -->
  </step><!-- duration: 924ms -->
  <step title="Outgoing response" date="2025-09-09T14:05:10.984" type="response" statusCode="202" statusText="Accepted" /><!-- duration: 10ms -->
</step><!-- duration: 1084ms -->
