<step title="Incoming Request" date="2025-09-09T13:37:16.022" instance="fca8f8" url="/api/deployments/latest?deployer=OneDeploy&amp;time=2025-09-09_13-28-18Z" method="GET" type="request" pid="771,1,30" Host="api-alex-12345.scm.azurewebsites.net" User-Agent="GITHUBACTIONS_DeployWebAppToAzure_93b2a8734c166ac70374b214e038f5641fc9b695d39cc946faded8ce607cf795" Authorization="Bas..." Content-Type="application/json; charset=utf-8" Cookie="ARRAffinity=fca8f86e2aee5216a9504a5ef5a82caeab7a80b1093c88842a262c639a933047;Path=/;HttpOnly;Secure;Domain=api-alex-12345.scm.azurewebsites.net; ARRAffinitySameSite=fca8f86e2aee5216a9504a5ef5a82caeab7a80b1093c88842a262c639a933047;Path=/;HttpOnly;SameSite=None;Secure;Domain=api-alex-12345.scm.azurewebsites.net" Content-Length="0" X-ARR-LOG-ID="4327b905-e5b9-4a8f-a82f-2afc503c034d" CLIENT-IP="68.220.59.57:14408" X-SITE-DEPLOYMENT-ID="api-alex-12345" WAS-DEFAULT-HOSTNAME="api-alex-12345.scm.azurewebsites.net" X-Forwarded-Proto="https" X-AppService-Proto="https" X-Forwarded-TlsVersion="1.3" X-WAWS-Unencoded-URL="/api/deployments/latest?deployer=OneDeploy&amp;time=2025-09-09_13-28-18Z" X-Client-IP="68.220.59.57" X-Client-Port="14408" >
  <step title="Cleanup Xml Logs" date="2025-09-09T13:37:16.024" >
    <step title="Cleanup Infos" date="2025-09-09T13:37:16.071" totalFiles="217" totalCleanup="57" /><!-- duration: 13ms -->
  </step><!-- duration: 98ms -->
  <step title="DeploymentService.GetResult" date="2025-09-09T13:37:16.204" >
    <step title="DeploymentService.GetLatestDeployment" date="2025-09-09T13:37:16.222" >
      <step title="DeploymentManager.GetResults" date="2025-09-09T13:37:16.233" /><!-- duration: 1006ms -->
    </step><!-- duration: 1077ms -->
  </step><!-- duration: 1114ms -->
  <step title="Outgoing response" date="2025-09-09T13:37:17.360" type="response" statusCode="202" statusText="Accepted" /><!-- duration: 29ms -->
</step><!-- duration: 1378ms -->
