<step title="Incoming Request" date="2025-09-09T14:29:18.733" instance="fca8f8" url="/api/deployments/latest?deployer=OneDeploy&amp;time=2025-09-09_14-28-45Z" method="GET" type="request" pid="771,1,26" Host="api-alex-12345.scm.azurewebsites.net" User-Agent="GITHUBACTIONS_DeployWebAppToAzure_93b2a8734c166ac70374b214e038f5641fc9b695d39cc946faded8ce607cf795" Authorization="Bas..." Content-Type="application/json; charset=utf-8" Cookie="ARRAffinity=fca8f86e2aee5216a9504a5ef5a82caeab7a80b1093c88842a262c639a933047;Path=/;HttpOnly;Secure;Domain=api-alex-12345.scm.azurewebsites.net; ARRAffinitySameSite=fca8f86e2aee5216a9504a5ef5a82caeab7a80b1093c88842a262c639a933047;Path=/;HttpOnly;SameSite=None;Secure;Domain=api-alex-12345.scm.azurewebsites.net" Content-Length="0" X-ARR-LOG-ID="212e562a-b395-4263-8b71-d40de234288f" CLIENT-IP="57.151.137.182:59842" X-SITE-DEPLOYMENT-ID="api-alex-12345" WAS-DEFAULT-HOSTNAME="api-alex-12345.scm.azurewebsites.net" X-Forwarded-Proto="https" X-AppService-Proto="https" X-Forwarded-TlsVersion="1.3" X-WAWS-Unencoded-URL="/api/deployments/latest?deployer=OneDeploy&amp;time=2025-09-09_14-28-45Z" X-Client-IP="57.151.137.182" X-Client-Port="59842" >
  <step title="Cleanup Xml Logs" date="2025-09-09T14:29:18.779" >
    <step title="Cleanup Infos" date="2025-09-09T14:29:18.846" totalFiles="387" totalCleanup="227" /><!-- duration: 3ms -->
  </step><!-- duration: 71ms -->
  <step title="DeploymentService.GetResult" date="2025-09-09T14:29:18.853" >
    <step title="DeploymentService.GetLatestDeployment" date="2025-09-09T14:29:18.855" >
      <step title="DeploymentManager.GetResults" date="2025-09-09T14:29:18.856" /><!-- duration: 1031ms -->
    </step><!-- duration: 1042ms -->
  </step><!-- duration: 1054ms -->
  <step title="Outgoing response" date="2025-09-09T14:29:19.910" type="response" statusCode="202" statusText="Accepted" /><!-- duration: 58ms -->
</step><!-- duration: 1237ms -->
