<step title="Incoming Request" date="2025-09-09T13:37:22.989" instance="fca8f8" url="/api/deployments/latest?deployer=OneDeploy&amp;time=2025-09-09_13-28-18Z" method="GET" type="request" pid="771,1,34" Host="api-alex-12345.scm.azurewebsites.net" User-Agent="GITHUBACTIONS_DeployWebAppToAzure_93b2a8734c166ac70374b214e038f5641fc9b695d39cc946faded8ce607cf795" Authorization="Bas..." Content-Type="application/json; charset=utf-8" Cookie="ARRAffinity=fca8f86e2aee5216a9504a5ef5a82caeab7a80b1093c88842a262c639a933047;Path=/;HttpOnly;Secure;Domain=api-alex-12345.scm.azurewebsites.net; ARRAffinitySameSite=fca8f86e2aee5216a9504a5ef5a82caeab7a80b1093c88842a262c639a933047;Path=/;HttpOnly;SameSite=None;Secure;Domain=api-alex-12345.scm.azurewebsites.net" Content-Length="0" X-ARR-LOG-ID="7bda99c2-c7e7-4b4c-ab00-abdce13ab100" CLIENT-IP="68.220.59.57:14410" X-SITE-DEPLOYMENT-ID="api-alex-12345" WAS-DEFAULT-HOSTNAME="api-alex-12345.scm.azurewebsites.net" X-Forwarded-Proto="https" X-AppService-Proto="https" X-Forwarded-TlsVersion="1.3" X-WAWS-Unencoded-URL="/api/deployments/latest?deployer=OneDeploy&amp;time=2025-09-09_13-28-18Z" X-Client-IP="68.220.59.57" X-Client-Port="14410" >
  <step title="Cleanup Xml Logs" date="2025-09-09T13:37:22.998" >
    <step title="Cleanup Infos" date="2025-09-09T13:37:23.060" totalFiles="218" totalCleanup="58" /><!-- duration: 31ms -->
  </step><!-- duration: 120ms -->
  <step title="DeploymentService.GetResult" date="2025-09-09T13:37:23.171" >
    <step title="DeploymentService.GetLatestDeployment" date="2025-09-09T13:37:23.201" >
      <step title="DeploymentManager.GetResults" date="2025-09-09T13:37:23.222" /><!-- duration: 1426ms -->
    </step><!-- duration: 1469ms -->
  </step><!-- duration: 1509ms -->
  <step title="Outgoing response" date="2025-09-09T13:37:24.727" type="response" statusCode="202" statusText="Accepted" /><!-- duration: 2ms -->
</step><!-- duration: 1770ms -->
