<step title="Incoming Request" date="2025-09-09T14:17:37.486" instance="fca8f8" url="/api/deployments/latest?deployer=OneDeploy&amp;time=2025-09-09_14-15-32Z" method="GET" type="request" pid="771,1,37" Host="api-alex-12345.scm.azurewebsites.net" User-Agent="GITHUBACTIONS_DeployWebAppToAzure_93b2a8734c166ac70374b214e038f5641fc9b695d39cc946faded8ce607cf795" Authorization="Bas..." Content-Type="application/json; charset=utf-8" Cookie="ARRAffinity=fca8f86e2aee5216a9504a5ef5a82caeab7a80b1093c88842a262c639a933047;Path=/;HttpOnly;Secure;Domain=api-alex-12345.scm.azurewebsites.net; ARRAffinitySameSite=fca8f86e2aee5216a9504a5ef5a82caeab7a80b1093c88842a262c639a933047;Path=/;HttpOnly;SameSite=None;Secure;Domain=api-alex-12345.scm.azurewebsites.net" Content-Length="0" X-ARR-LOG-ID="db1614b2-c8f5-474e-a278-6990b671dd2a" CLIENT-IP="172.184.214.224:17344" X-SITE-DEPLOYMENT-ID="api-alex-12345" WAS-DEFAULT-HOSTNAME="api-alex-12345.scm.azurewebsites.net" X-Forwarded-Proto="https" X-AppService-Proto="https" X-Forwarded-TlsVersion="1.3" X-WAWS-Unencoded-URL="/api/deployments/latest?deployer=OneDeploy&amp;time=2025-09-09_14-15-32Z" X-Client-IP="172.184.214.224" X-Client-Port="17344" >
  <step title="Cleanup Xml Logs" date="2025-09-09T14:17:37.514" >
    <step title="Cleanup Infos" date="2025-09-09T14:17:37.577" totalFiles="352" totalCleanup="192" /><!-- duration: 30ms -->
  </step><!-- duration: 111ms -->
  <step title="DeploymentService.GetResult" date="2025-09-09T14:17:37.637" >
    <step title="DeploymentService.GetLatestDeployment" date="2025-09-09T14:17:37.646" >
      <step title="DeploymentManager.GetResults" date="2025-09-09T14:17:37.676" /><!-- duration: 1025ms -->
    </step><!-- duration: 1085ms -->
  </step><!-- duration: 1116ms -->
  <step title="Outgoing response" date="2025-09-09T14:17:38.772" type="response" statusCode="202" statusText="Accepted" /><!-- duration: 21ms -->
</step><!-- duration: 1308ms -->
