<step title="Incoming Request" date="2025-09-08T10:54:57.666" instance="fca8f8" url="/api/publish?type=zip" method="POST" type="request" pid="768,1,5" Accept="*/*" Host="api-alex-12345.scm.azurewebsites.net" User-Agent="AZURECLI/2.77.0 (HOMEBREW)" Accept-Encoding="gzip, deflate" Authorization="Bea..." Cache-Control="no-cache" Content-Type="application/octet-stream" Content-Length="1205" x-ms-client-request-id="e6a87e0e-8ca1-11f0-bffb-da4a3deb5993" x-ms-artifact-checksum="24412b2861d1dff9efb7f43bc02ea0463ba6e9afe4e921c45d2716a5e9a55fbd" X-ARR-LOG-ID="e6a87e0e-8ca1-11f0-bffb-da4a3deb5993" CLIENT-IP="202.36.244.30:31953" X-SITE-DEPLOYMENT-ID="api-alex-12345" WAS-DEFAULT-HOSTNAME="api-alex-12345.scm.azurewebsites.net" X-Forwarded-Proto="https" X-AppService-Proto="https" X-Forwarded-TlsVersion="1.3" X-WAWS-Unencoded-URL="/api/publish?type=zip" X-Client-IP="202.36.244.30" X-Client-Port="31953" >
  <step title="OneDeploy" date="2025-09-08T10:54:58.854" >
    <step title="None repository commit" date="2025-09-08T10:54:58.874" >
      <step title="Commit id: 8f82e3dd-1ef0-406e-942b-04541c875fe2" date="2025-09-08T10:54:58.876" Message="N/A" AuthorName="N/A" AuthorEmail="N/A" /><!-- duration: 7ms -->
    </step><!-- duration: 12ms -->
    <step title="Starting PushDeployAsync" date="2025-09-08T10:54:58.893" /><!-- duration: 2ms -->
    <step title="Writing artifact to /tmp/zipdeploy/fce562d6-cc35-45ac-931c-6841000aa237.zip" date="2025-09-08T10:54:58.923" >
      <step title="Writing multipart request body to /tmp/zipdeploy/fce562d6-cc35-45ac-931c-6841000aa237.zip" date="2025-09-08T10:54:58.926" /><!-- duration: 7ms -->
    </step><!-- duration: 31ms -->
    <step title="Attempting to fetch target branch HEAD" date="2025-09-08T10:54:58.995" /><!-- duration: 1ms -->
    <step title="Acquiring Deployment Lock" date="2025-09-08T10:54:59.006" /><!-- duration: 8ms -->
    <step title="Acquired Deployment Lock" date="2025-09-08T10:54:59.114" /><!-- duration: 12ms -->
    <step title="Performing fetch based deployment" date="2025-09-08T10:54:59.157" >
      <step title="Creating temporary deployment" date="2025-09-08T10:54:59.165" /><!-- duration: 302ms -->
      <step title="Releasing Deployment Lock" date="2025-09-08T10:55:00.714" /><!-- duration: 3ms -->
      <step title="Cleaning up temp folders from previous zip deployments and extracting pushed zip file /tmp/zipdeploy/fce562d6-cc35-45ac-931c-6841000aa237.zip (0.00 MB) to /tmp/zipdeploy/extracted" date="2025-09-08T10:55:00.765" >
        <step title="ChmodRecursive Process exited with total time taken in ms: 142" date="2025-09-08T10:55:01.027" /><!-- duration: 9ms -->
      </step><!-- duration: 303ms -->
      <step title="None repository commit" date="2025-09-08T10:55:01.098" >
        <step title="Commit id: 8f82e3dd-1ef0-406e-942b-04541c875fe2" date="2025-09-08T10:55:01.137" Message="OneDeploy" AuthorName="N/A" AuthorEmail="N/A" /><!-- duration: 2ms -->
      </step><!-- duration: 78ms -->
      <step title="Deployment timer started" date="2025-09-08T10:55:03.201" >
        <step title="DeploymentManager.Deploy(id:8f82e3dd-1ef0-406e-942b-04541c875fe2)" date="2025-09-08T10:55:03.204" >
          <step title="Collecting changeset information" date="2025-09-08T10:55:03.213" /><!-- duration: 105ms -->
          <step title="Updating submodules" date="2025-09-08T10:55:03.323" /><!-- duration: 1111ms -->
          <step title="Determining deployment builder" date="2025-09-08T10:55:04.694" >
            <step title="Builder is OneDeployBuilder" date="2025-09-08T10:55:04.725" /><!-- duration: 11ms -->
          </step><!-- duration: 51ms -->
          <step title="PreDeployment: context.CleanOutputPath False" date="2025-09-08T10:55:04.805" >
            <step title="PreDeployment: context.OutputPath /home/site/wwwroot" date="2025-09-08T10:55:04.957" >
              <step title="Building" date="2025-09-08T10:55:05.134" >
                <step title="Executing external process" date="2025-09-08T10:55:05.579" type="process" path="starter.sh" arguments="/opt/Kudu/Scripts/parallel_rsync.sh /tmp/zipdeploy/extracted /home/site/wwwroot 8 /tmp/ False False  " /><!-- duration: 1394ms -->
                <step title="Modified file to trigger a restart of the app container." date="2025-09-08T10:55:07.432" /><!-- duration: 2ms -->
                <step title="Skip function trigger and logicapp sync because function is not enabled." date="2025-09-08T10:55:07.436" /><!-- duration: 3ms -->
              </step><!-- duration: 3015ms -->
            </step><!-- duration: 3200ms -->
            <step title="Cleaning up temp files" date="2025-09-08T10:55:08.159" /><!-- duration: 2ms -->
            <step title="Cleaning up temp files" date="2025-09-08T10:55:08.163" /><!-- duration: 509ms -->
            <step title="Reloading status file with latest updates" date="2025-09-08T10:55:08.728" >
              <step title="WebHooksManager.PublishEventAsync: PostDeployment" date="2025-09-08T10:55:08.730" /><!-- duration: 95ms -->
            </step><!-- duration: 98ms -->
            <step title="Cleaning up temporary deployment - fetch deployment was successful" date="2025-09-08T10:55:08.828" /><!-- duration: 5ms -->
          </step><!-- duration: 4116ms -->
        </step><!-- duration: 5725ms -->
        <step title="Outgoing response" date="2025-09-08T10:55:08.942" type="response" statusCode="200" statusText="OK" /><!-- duration: 1ms -->
      </step><!-- duration: 5743ms -->
