<step title="Incoming Request" date="2025-09-09T13:36:30.470" instance="fca8f8" url="/api/deployments/latest?deployer=OneDeploy&amp;time=2025-09-09_13-28-18Z" method="GET" type="request" pid="771,1,29" Host="api-alex-12345.scm.azurewebsites.net" User-Agent="GITHUBACTIONS_DeployWebAppToAzure_93b2a8734c166ac70374b214e038f5641fc9b695d39cc946faded8ce607cf795" Authorization="Bas..." Content-Type="application/json; charset=utf-8" Cookie="ARRAffinity=fca8f86e2aee5216a9504a5ef5a82caeab7a80b1093c88842a262c639a933047;Path=/;HttpOnly;Secure;Domain=api-alex-12345.scm.azurewebsites.net; ARRAffinitySameSite=fca8f86e2aee5216a9504a5ef5a82caeab7a80b1093c88842a262c639a933047;Path=/;HttpOnly;SameSite=None;Secure;Domain=api-alex-12345.scm.azurewebsites.net" Content-Length="0" X-ARR-LOG-ID="084a33ef-1c9d-476f-9727-cea425d562d0" CLIENT-IP="68.220.59.57:14409" X-SITE-DEPLOYMENT-ID="api-alex-12345" WAS-DEFAULT-HOSTNAME="api-alex-12345.scm.azurewebsites.net" X-Forwarded-Proto="https" X-AppService-Proto="https" X-Forwarded-TlsVersion="1.3" X-WAWS-Unencoded-URL="/api/deployments/latest?deployer=OneDeploy&amp;time=2025-09-09_13-28-18Z" X-Client-IP="68.220.59.57" X-Client-Port="14409" >
  <step title="Cleanup Xml Logs" date="2025-09-09T13:36:30.491" >
    <step title="Cleanup Infos" date="2025-09-09T13:36:30.592" totalFiles="210" totalCleanup="50" /><!-- duration: 21ms -->
  </step><!-- duration: 160ms -->
  <step title="DeploymentService.GetResult" date="2025-09-09T13:36:30.692" >
    <step title="DeploymentService.GetLatestDeployment" date="2025-09-09T13:36:30.701" >
      <step title="DeploymentManager.GetResults" date="2025-09-09T13:36:30.702" /><!-- duration: 522ms -->
    </step><!-- duration: 525ms -->
  </step><!-- duration: 541ms -->
  <step title="Outgoing response" date="2025-09-09T13:36:31.243" type="response" statusCode="202" statusText="Accepted" /><!-- duration: 2ms -->
</step><!-- duration: 776ms -->
