<step title="Incoming Request" date="2025-09-09T14:30:51.983" instance="fca8f8" url="/api/publish?async=true&amp;deployer=GITHUB_ONE_DEPLOY&amp;type=zip&amp;message=%7B%22type%22%3A%22deployment%22%2C%22sha%22%3A%22fa4ba2a2a79866b29ce0a7f8c2db609012405506%22%2C%22repoName%22%3A%22HanshuoXue%2FAIex%22%2C%22actor%22%3A%22HanshuoXue%22%2C%22slotName%22%3A%22production%22%2C%22commitMessage%22%3A%22%22%7D" method="POST" type="request" pid="771,1,37" Host="api-alex-12345.scm.azurewebsites.net" User-Agent="GITHUBACTIONS_DeployWebAppToAzure_93b2a8734c166ac70374b214e038f5641fc9b695d39cc946faded8ce607cf795" Authorization="Bas..." Content-Type="application/octet-stream" Cookie="ARRAffinity=fca8f86e2aee5216a9504a5ef5a82caeab7a80b1093c88842a262c639a933047;Path=/;HttpOnly;Secure;Domain=api-alex-12345.scm.azurewebsites.net; ARRAffinitySameSite=fca8f86e2aee5216a9504a5ef5a82caeab7a80b1093c88842a262c639a933047;Path=/;HttpOnly;SameSite=None;Secure;Domain=api-alex-12345.scm.azurewebsites.net" Transfer-Encoding="chunked" X-ARR-LOG-ID="e14e0d16-d305-476f-b40d-250c623342c7" CLIENT-IP="52.165.59.4:7200" X-SITE-DEPLOYMENT-ID="api-alex-12345" WAS-DEFAULT-HOSTNAME="api-alex-12345.scm.azurewebsites.net" X-Forwarded-Proto="https" X-AppService-Proto="https" X-Forwarded-TlsVersion="1.3" X-WAWS-Unencoded-URL="/api/publish?async=true&amp;deployer=GITHUB_ONE_DEPLOY&amp;type=zip&amp;message=%7B%22type%22%3A%22deployment%22%2C%22sha%22%3A%22fa4ba2a2a79866b29ce0a7f8c2db609012405506%22%2C%22repoName%22%3A%22HanshuoXue%2FAIex%22%2C%22actor%22%3A%22HanshuoXue%22%2C%22slotName%22%3A%22production%22%2C%22commitMessage%22%3A%22%22%7D" X-Client-IP="52.165.59.4" X-Client-Port="7200" >
  <step title="OneDeploy" date="2025-09-09T14:30:52.021" >
    <step title="Starting PushDeployAsync" date="2025-09-09T14:30:52.051" /><!-- duration: 11ms -->
    <step title="Writing artifact to /tmp/zipdeploy/1465c9dd-cdeb-42d5-8ab1-47bdfd42b19e.zip" date="2025-09-09T14:30:52.111" >
      <step title="Writing multipart request body to /tmp/zipdeploy/1465c9dd-cdeb-42d5-8ab1-47bdfd42b19e.zip" date="2025-09-09T14:30:52.124" /><!-- duration: 27ms -->
      <step title="Error occurred" date="2025-09-09T14:31:01.142" type="error" text="Exception in copying zip file to temp path. Exception: Microsoft.AspNetCore.Server.Kestrel.Core.BadHttpRequestException: Unexpected end of request content.
   at Microsoft.AspNetCore.Server.Kestrel.Core.Internal.Http.Http1ChunkedEncodingMessageBody.PumpAsync()
   at System.IO.Pipelines.Pipe.GetReadResult(ReadResult&amp; result)
   at System.IO.Pipelines.Pipe.ReadAsync(CancellationToken token)
   at Microsoft.AspNetCore.Server.Kestrel.Core.Internal.Http.Http1ChunkedEncodingMessageBody.ReadAsyncInternal(CancellationToken cancellationToken)
   at System.IO.Pipelines.PipeReader.CopyToAsyncCore[TStream](TStream destination, Func`4 writeAsync, CancellationToken cancellationToken)
   at Kudu.Services.Deployment.PushDeploymentController.CopyZipFromRequestBody(String artifactTempPath, ITracer tracer) in /tmp/KuduLite/Kudu.Services/Deployment/PushDeploymentController.cs:line 1473: Unexpected end of request content." stackTrace="   at Microsoft.AspNetCore.Server.Kestrel.Core.Internal.Http.Http1ChunkedEncodingMessageBody.PumpAsync()
   at System.IO.Pipelines.Pipe.GetReadResult(ReadResult&amp; result)
   at System.IO.Pipelines.Pipe.ReadAsync(CancellationToken token)
   at Microsoft.AspNetCore.Server.Kestrel.Core.Internal.Http.Http1ChunkedEncodingMessageBody.ReadAsyncInternal(CancellationToken cancellationToken)
   at System.IO.Pipelines.PipeReader.CopyToAsyncCore[TStream](TStream destination, Func`4 writeAsync, CancellationToken cancellationToken)
   at Kudu.Services.Deployment.PushDeploymentController.CopyZipFromRequestBody(String artifactTempPath, ITracer tracer) in /tmp/KuduLite/Kudu.Services/Deployment/PushDeploymentController.cs:line 1473" /><!-- duration: 5ms -->
    </step><!-- duration: 9091ms -->
    <step title="Error occurred" date="2025-09-09T14:31:01.232" type="error" text="Request was Aborted. Deployment was cancelled" /><!-- duration: 2ms -->
  </step><!-- duration: 9232ms -->
  <step title="Outgoing response" date="2025-09-09T14:31:01.275" type="response" statusCode="499" statusText="499" /><!-- duration: 2ms -->
</step><!-- duration: 9297ms -->
