<step title="Incoming Request" date="2025-09-09T14:18:40.037" instance="fca8f8" url="/api/deployments/latest?deployer=OneDeploy&amp;time=2025-09-09_14-15-32Z" method="GET" type="request" pid="771,1,5" Host="api-alex-12345.scm.azurewebsites.net" User-Agent="GITHUBACTIONS_DeployWebAppToAzure_93b2a8734c166ac70374b214e038f5641fc9b695d39cc946faded8ce607cf795" Authorization="Bas..." Content-Type="application/json; charset=utf-8" Cookie="ARRAffinity=fca8f86e2aee5216a9504a5ef5a82caeab7a80b1093c88842a262c639a933047;Path=/;HttpOnly;Secure;Domain=api-alex-12345.scm.azurewebsites.net; ARRAffinitySameSite=fca8f86e2aee5216a9504a5ef5a82caeab7a80b1093c88842a262c639a933047;Path=/;HttpOnly;SameSite=None;Secure;Domain=api-alex-12345.scm.azurewebsites.net" Content-Length="0" X-ARR-LOG-ID="efcbf23c-213d-4d61-9cec-5cbf562c3faa" CLIENT-IP="172.184.214.224:17346" X-SITE-DEPLOYMENT-ID="api-alex-12345" WAS-DEFAULT-HOSTNAME="api-alex-12345.scm.azurewebsites.net" X-Forwarded-Proto="https" X-AppService-Proto="https" X-Forwarded-TlsVersion="1.3" X-WAWS-Unencoded-URL="/api/deployments/latest?deployer=OneDeploy&amp;time=2025-09-09_14-15-32Z" X-Client-IP="172.184.214.224" X-Client-Port="17346" >
  <step title="Cleanup Xml Logs" date="2025-09-09T14:18:40.038" >
    <step title="Cleanup Infos" date="2025-09-09T14:18:40.060" totalFiles="361" totalCleanup="201" /><!-- duration: 30ms -->
  </step><!-- duration: 62ms -->
  <step title="DeploymentService.GetResult" date="2025-09-09T14:18:40.148" >
    <step title="DeploymentService.GetLatestDeployment" date="2025-09-09T14:18:40.169" >
      <step title="DeploymentManager.GetResults" date="2025-09-09T14:18:40.189" /><!-- duration: 785ms -->
    </step><!-- duration: 815ms -->
  </step><!-- duration: 845ms -->
  <step title="Outgoing response" date="2025-09-09T14:18:41.013" type="response" statusCode="202" statusText="Accepted" /><!-- duration: 2ms -->
</step><!-- duration: 987ms -->
