<step title="Incoming Request" date="2025-09-09T13:56:21.821" instance="fca8f8" url="/api/publish?async=true&amp;deployer=GITHUB_ONE_DEPLOY&amp;type=zip&amp;message=%7B%22type%22%3A%22deployment%22%2C%22sha%22%3A%2214204d8591a9d5e26991edddc6b1247c07d0ba7b%22%2C%22repoName%22%3A%22HanshuoXue%2FAIex%22%2C%22actor%22%3A%22HanshuoXue%22%2C%22slotName%22%3A%22production%22%2C%22commitMessage%22%3A%22debug%3A%20Add%20path%20debugging%20for%20Prompt%20Flow%20in%20production%5Cn%5Cn%F0%9F%94%8D%20Debug%20Information%3A%5Cn-%20Add%20detailed%20path%20logging%20to%20identify%20production%20environment%20paths%5Cn-%20Print%20current%20directory%2C%20project%20root%2C%20and%20flow%20path%5Cn-%20Add%20fallback%20path%20strategies%20for%20different%20deployment%20scenarios%5Cn-%20List%20available%20directories%20for%20troubleshooting%5Cn%5Cn%F0%9F%8E%AF%20Goal%3A%5Cn-%20Identify%20correct%20path%20for%20flows%2Fprogram_match%20in%20Azure%20App%20Service%5Cn-%20Fix%20%27Flow%20path%20does%20not%20exist%27%20error%20in%20production%5Cn-%20Ensure%20Prompt%20Flow%20can%20locate%20configuration%20files%5Cn%5Cn%F0%9F%93%8A%20Expected%20Output%3A%5Cn-%20Current%20dir%2C%20project%20root%2C%20and%20flow%20path%20information%5Cn-%20Directory%20listings%20to%20understand%20production%20file%20structure%5Cn-%20Successful%20fallback%20path%20detection%22%7D" method="POST" type="request" pid="771,1,7" Host="api-alex-12345.scm.azurewebsites.net" User-Agent="GITHUBACTIONS_DeployWebAppToAzure_93b2a8734c166ac70374b214e038f5641fc9b695d39cc946faded8ce607cf795" Authorization="Bas..." Content-Type="application/octet-stream" Cookie="ARRAffinity=fca8f86e2aee5216a9504a5ef5a82caeab7a80b1093c88842a262c639a933047;Path=/;HttpOnly;Secure;Domain=api-alex-12345.scm.azurewebsites.net; ARRAffinitySameSite=fca8f86e2aee5216a9504a5ef5a82caeab7a80b1093c88842a262c639a933047;Path=/;HttpOnly;SameSite=None;Secure;Domain=api-alex-12345.scm.azurewebsites.net" Transfer-Encoding="chunked" X-ARR-LOG-ID="41f0b82d-6408-4422-9ded-ce49035d3133" CLIENT-IP="52.159.245.162:54288" X-SITE-DEPLOYMENT-ID="api-alex-12345" WAS-DEFAULT-HOSTNAME="api-alex-12345.scm.azurewebsites.net" X-Forwarded-Proto="https" X-AppService-Proto="https" X-Forwarded-TlsVersion="1.3" X-WAWS-Unencoded-URL="/api/publish?async=true&amp;deployer=GITHUB_ONE_DEPLOY&amp;type=zip&amp;message=%7B%22type%22%3A%22deployment%22%2C%22sha%22%3A%2214204d8591a9d5e26991edddc6b1247c07d0ba7b%22%2C%22repoName%22%3A%22HanshuoXue%2FAIex%22%2C%22actor%22%3A%22HanshuoXue%22%2C%22slotName%22%3A%22production%22%2C%22commitMessage%22%3A%22debug%3A%20Add%20path%20debugging%20for%20Prompt%20Flow%20in%20production%5Cn%5Cn%F0%9F%94%8D%20Debug%20Information%3A%5Cn-%20Add%20detailed%20path%20logging%20to%20identify%20production%20environment%20paths%5Cn-%20Print%20current%20directory%2C%20project%20root%2C%20and%20flow%20path%5Cn-%20Add%20fallback%20path%20strategies%20for%20different%20deployment%20scenarios%5Cn-%20List%20available%20directories%20for%20troubleshooting%5Cn%5Cn%F0%9F%8E%AF%20Goal%3A%5Cn-%20Identify%20correct%20path%20for%20flows%2Fprogram_match%20in%20Azure%20App%20Service%5Cn-%20Fix%20%27Flow%20path%20does%20not%20exist%27%20error%20in%20production%5Cn-%20Ensure%20Prompt%20Flow%20can%20locate%20configuration%20files%5Cn%5Cn%F0%9F%93%8A%20Expected%20Output%3A%5Cn-%20Current%20dir%2C%20project%20root%2C%20and%20flow%20path%20information%5Cn-%20Directory%20listings%20to%20understand%20production%20file%20structure%5Cn-%20Successful%20fallback%20path%20detection%22%7D" X-Client-IP="52.159.245.162" X-Client-Port="54288" >
  <step title="OneDeploy" date="2025-09-09T13:56:21.865" >
    <step title="Starting PushDeployAsync" date="2025-09-09T13:56:21.899" /><!-- duration: 2ms -->
    <step title="Writing artifact to /tmp/zipdeploy/d6364510-88d5-4784-b4d6-0102b079060f.zip" date="2025-09-09T13:56:21.938" >
      <step title="Writing multipart request body to /tmp/zipdeploy/d6364510-88d5-4784-b4d6-0102b079060f.zip" date="2025-09-09T13:56:21.941" /><!-- duration: 2ms -->
    </step><!-- duration: 6032ms -->
    <step title="Removing previous build artifact&apos;s manifest file" date="2025-09-09T13:56:27.976" >
      <step title="Start deployment in the background" date="2025-09-09T13:56:27.989" >
        <step title="Acquiring Deployment Lock" date="2025-09-09T13:56:28.067" /><!-- duration: 5ms -->
        <step title="Acquired Deployment Lock" date="2025-09-09T13:56:28.207" /><!-- duration: 3ms -->
      </step><!-- duration: 348ms -->
    </step><!-- duration: 371ms -->
    <step title="Outgoing response" date="2025-09-09T13:56:28.352" type="response" statusCode="202" statusText="Accepted" /><!-- duration: 3ms -->
  </step><!-- duration: 6491ms -->
