<step title="Incoming Request" date="2025-09-09T14:42:41.274" instance="fca8f8" url="/api/deployments/latest?deployer=OneDeploy&amp;time=2025-09-09_14-38-06Z" method="GET" type="request" pid="771,1,24" Host="api-alex-12345.scm.azurewebsites.net" User-Agent="GITHUBACTIONS_DeployWebAppToAzure_93b2a8734c166ac70374b214e038f5641fc9b695d39cc946faded8ce607cf795" Authorization="Bas..." Content-Type="application/json; charset=utf-8" Cookie="ARRAffinity=fca8f86e2aee5216a9504a5ef5a82caeab7a80b1093c88842a262c639a933047;Path=/;HttpOnly;Secure;Domain=api-alex-12345.scm.azurewebsites.net; ARRAffinitySameSite=fca8f86e2aee5216a9504a5ef5a82caeab7a80b1093c88842a262c639a933047;Path=/;HttpOnly;SameSite=None;Secure;Domain=api-alex-12345.scm.azurewebsites.net" Content-Length="0" X-ARR-LOG-ID="2fd0711d-5b8f-4376-8359-9ec1e79205bb" CLIENT-IP="172.182.196.57:34880" X-SITE-DEPLOYMENT-ID="api-alex-12345" WAS-DEFAULT-HOSTNAME="api-alex-12345.scm.azurewebsites.net" X-Forwarded-Proto="https" X-AppService-Proto="https" X-Forwarded-TlsVersion="1.3" X-WAWS-Unencoded-URL="/api/deployments/latest?deployer=OneDeploy&amp;time=2025-09-09_14-38-06Z" X-Client-IP="172.182.196.57" X-Client-Port="34880" >
  <step title="Cleanup Xml Logs" date="2025-09-09T14:42:41.276" >
    <step title="Cleanup Infos" date="2025-09-09T14:42:41.305" totalFiles="450" totalCleanup="290" /><!-- duration: 21ms -->
  </step><!-- duration: 59ms -->
  <step title="DeploymentService.GetResult" date="2025-09-09T14:42:41.354" >
    <step title="DeploymentService.GetLatestDeployment" date="2025-09-09T14:42:41.356" >
      <step title="DeploymentManager.GetResults" date="2025-09-09T14:42:41.364" /><!-- duration: 876ms -->
    </step><!-- duration: 893ms -->
  </step><!-- duration: 916ms -->
  <step title="Outgoing response" date="2025-09-09T14:42:42.310" type="response" statusCode="202" statusText="Accepted" /><!-- duration: 19ms -->
</step><!-- duration: 1066ms -->
