<step title="Incoming Request" date="2025-09-09T14:15:42.173" instance="fca8f8" url="/api/deployments/latest?deployer=OneDeploy&amp;time=2025-09-09_14-15-32Z" method="GET" type="request" pid="771,1,27" Host="api-alex-12345.scm.azurewebsites.net" User-Agent="GITHUBACTIONS_DeployWebAppToAzure_93b2a8734c166ac70374b214e038f5641fc9b695d39cc946faded8ce607cf795" Authorization="Bas..." Content-Type="application/json; charset=utf-8" Cookie="ARRAffinity=fca8f86e2aee5216a9504a5ef5a82caeab7a80b1093c88842a262c639a933047;Path=/;HttpOnly;Secure;Domain=api-alex-12345.scm.azurewebsites.net; ARRAffinitySameSite=fca8f86e2aee5216a9504a5ef5a82caeab7a80b1093c88842a262c639a933047;Path=/;HttpOnly;SameSite=None;Secure;Domain=api-alex-12345.scm.azurewebsites.net" Content-Length="0" X-ARR-LOG-ID="362f6ea3-d5ea-4fbb-8dd5-5a328dc8d5dd" CLIENT-IP="172.184.214.224:17345" X-SITE-DEPLOYMENT-ID="api-alex-12345" WAS-DEFAULT-HOSTNAME="api-alex-12345.scm.azurewebsites.net" X-Forwarded-Proto="https" X-AppService-Proto="https" X-Forwarded-TlsVersion="1.3" X-WAWS-Unencoded-URL="/api/deployments/latest?deployer=OneDeploy&amp;time=2025-09-09_14-15-32Z" X-Client-IP="172.184.214.224" X-Client-Port="17345" >
  <step title="Cleanup Xml Logs" date="2025-09-09T14:15:42.181" >
    <step title="Cleanup Infos" date="2025-09-09T14:15:42.235" totalFiles="335" totalCleanup="175" /><!-- duration: 28ms -->
  </step><!-- duration: 83ms -->
  <step title="DeploymentService.GetResult" date="2025-09-09T14:15:42.293" >
    <step title="DeploymentService.GetLatestDeployment" date="2025-09-09T14:15:42.302" >
      <step title="DeploymentManager.GetResults" date="2025-09-09T14:15:42.314" /><!-- duration: 802ms -->
    </step><!-- duration: 816ms -->
  </step><!-- duration: 865ms -->
  <step title="Outgoing response" date="2025-09-09T14:15:43.207" type="response" statusCode="202" statusText="Accepted" /><!-- duration: 21ms -->
</step><!-- duration: 1065ms -->
