<step title="Incoming Request" date="2025-09-09T14:01:06.740" instance="fca8f8" url="/api/deployments/latest?deployer=OneDeploy&amp;time=2025-09-09_13-56-28Z" method="GET" type="request" pid="771,1,5" Host="api-alex-12345.scm.azurewebsites.net" User-Agent="GITHUBACTIONS_DeployWebAppToAzure_93b2a8734c166ac70374b214e038f5641fc9b695d39cc946faded8ce607cf795" Authorization="Bas..." Content-Type="application/json; charset=utf-8" Cookie="ARRAffinity=fca8f86e2aee5216a9504a5ef5a82caeab7a80b1093c88842a262c639a933047;Path=/;HttpOnly;Secure;Domain=api-alex-12345.scm.azurewebsites.net; ARRAffinitySameSite=fca8f86e2aee5216a9504a5ef5a82caeab7a80b1093c88842a262c639a933047;Path=/;HttpOnly;SameSite=None;Secure;Domain=api-alex-12345.scm.azurewebsites.net" Content-Length="0" X-ARR-LOG-ID="a4581bdb-1c6f-4add-afa1-6fe53f6445a3" CLIENT-IP="52.159.245.162:54288" X-SITE-DEPLOYMENT-ID="api-alex-12345" WAS-DEFAULT-HOSTNAME="api-alex-12345.scm.azurewebsites.net" X-Forwarded-Proto="https" X-AppService-Proto="https" X-Forwarded-TlsVersion="1.3" X-WAWS-Unencoded-URL="/api/deployments/latest?deployer=OneDeploy&amp;time=2025-09-09_13-56-28Z" X-Client-IP="52.159.245.162" X-Client-Port="54288" >
  <step title="Cleanup Xml Logs" date="2025-09-09T14:01:06.742" >
    <step title="Cleanup Infos" date="2025-09-09T14:01:06.763" totalFiles="275" totalCleanup="115" /><!-- duration: 67ms -->
  </step><!-- duration: 90ms -->
  <step title="DeploymentService.GetResult" date="2025-09-09T14:01:06.852" >
    <step title="DeploymentService.GetLatestDeployment" date="2025-09-09T14:01:06.853" >
      <step title="DeploymentManager.GetResults" date="2025-09-09T14:01:06.872" /><!-- duration: 643ms -->
    </step><!-- duration: 664ms -->
  </step><!-- duration: 673ms -->
  <step title="Outgoing response" date="2025-09-09T14:01:07.534" type="response" statusCode="202" statusText="Accepted" /><!-- duration: 3ms -->
</step><!-- duration: 805ms -->
