<step title="Incoming Request" date="2025-09-09T13:57:00.694" instance="fca8f8" url="/api/deployments/latest?deployer=OneDeploy&amp;time=2025-09-09_13-56-28Z" method="GET" type="request" pid="771,1,7" Host="api-alex-12345.scm.azurewebsites.net" User-Agent="GITHUBACTIONS_DeployWebAppToAzure_93b2a8734c166ac70374b214e038f5641fc9b695d39cc946faded8ce607cf795" Authorization="Bas..." Content-Type="application/json; charset=utf-8" Cookie="ARRAffinity=fca8f86e2aee5216a9504a5ef5a82caeab7a80b1093c88842a262c639a933047;Path=/;HttpOnly;Secure;Domain=api-alex-12345.scm.azurewebsites.net; ARRAffinitySameSite=fca8f86e2aee5216a9504a5ef5a82caeab7a80b1093c88842a262c639a933047;Path=/;HttpOnly;SameSite=None;Secure;Domain=api-alex-12345.scm.azurewebsites.net" Content-Length="0" X-ARR-LOG-ID="e7ebca4a-f964-47f6-a7de-4c7bd9337776" CLIENT-IP="52.159.245.162:54289" X-SITE-DEPLOYMENT-ID="api-alex-12345" WAS-DEFAULT-HOSTNAME="api-alex-12345.scm.azurewebsites.net" X-Forwarded-Proto="https" X-AppService-Proto="https" X-Forwarded-TlsVersion="1.3" X-WAWS-Unencoded-URL="/api/deployments/latest?deployer=OneDeploy&amp;time=2025-09-09_13-56-28Z" X-Client-IP="52.159.245.162" X-Client-Port="54289" >
  <step title="Cleanup Xml Logs" date="2025-09-09T13:57:00.696" >
    <step title="Cleanup Infos" date="2025-09-09T13:57:00.703" totalFiles="238" totalCleanup="78" /><!-- duration: 2ms -->
  </step><!-- duration: 12ms -->
  <step title="DeploymentService.GetResult" date="2025-09-09T13:57:00.713" >
    <step title="DeploymentService.GetLatestDeployment" date="2025-09-09T13:57:00.715" >
      <step title="DeploymentManager.GetResults" date="2025-09-09T13:57:00.741" /><!-- duration: 1750ms -->
    </step><!-- duration: 1799ms -->
  </step><!-- duration: 1811ms -->
  <step title="Outgoing response" date="2025-09-09T13:57:02.533" type="response" statusCode="202" statusText="Accepted" /><!-- duration: 10ms -->
</step><!-- duration: 1851ms -->
