<step title="Incoming Request" date="2025-09-09T14:01:26.355" instance="fca8f8" url="/api/deployments/latest?deployer=OneDeploy&amp;time=2025-09-09_13-56-28Z" method="GET" type="request" pid="771,1,27" Host="api-alex-12345.scm.azurewebsites.net" User-Agent="GITHUBACTIONS_DeployWebAppToAzure_93b2a8734c166ac70374b214e038f5641fc9b695d39cc946faded8ce607cf795" Authorization="Bas..." Content-Type="application/json; charset=utf-8" Cookie="ARRAffinity=fca8f86e2aee5216a9504a5ef5a82caeab7a80b1093c88842a262c639a933047;Path=/;HttpOnly;Secure;Domain=api-alex-12345.scm.azurewebsites.net; ARRAffinitySameSite=fca8f86e2aee5216a9504a5ef5a82caeab7a80b1093c88842a262c639a933047;Path=/;HttpOnly;SameSite=None;Secure;Domain=api-alex-12345.scm.azurewebsites.net" Content-Length="0" X-ARR-LOG-ID="6b9c2d1a-65e0-4090-a129-fc2f5ef3526f" CLIENT-IP="52.159.245.162:54290" X-SITE-DEPLOYMENT-ID="api-alex-12345" WAS-DEFAULT-HOSTNAME="api-alex-12345.scm.azurewebsites.net" X-Forwarded-Proto="https" X-AppService-Proto="https" X-Forwarded-TlsVersion="1.3" X-WAWS-Unencoded-URL="/api/deployments/latest?deployer=OneDeploy&amp;time=2025-09-09_13-56-28Z" X-Client-IP="52.159.245.162" X-Client-Port="54290" >
  <step title="Cleanup Xml Logs" date="2025-09-09T14:01:26.357" >
    <step title="Cleanup Infos" date="2025-09-09T14:01:26.406" totalFiles="278" totalCleanup="118" /><!-- duration: 21ms -->
  </step><!-- duration: 89ms -->
  <step title="DeploymentService.GetResult" date="2025-09-09T14:01:26.456" >
    <step title="DeploymentService.GetLatestDeployment" date="2025-09-09T14:01:26.458" >
      <step title="DeploymentManager.GetResults" date="2025-09-09T14:01:26.467" /><!-- duration: 744ms -->
    </step><!-- duration: 772ms -->
  </step><!-- duration: 775ms -->
  <step title="Outgoing response" date="2025-09-09T14:01:27.261" type="response" statusCode="202" statusText="Accepted" /><!-- duration: 19ms -->
</step><!-- duration: 927ms -->
