<step title="Incoming Request" date="2025-09-09T14:42:11.432" instance="fca8f8" url="/api/deployments/latest?deployer=OneDeploy&amp;time=2025-09-09_14-38-06Z" method="GET" type="request" pid="771,1,22" Host="api-alex-12345.scm.azurewebsites.net" User-Agent="GITHUBACTIONS_DeployWebAppToAzure_93b2a8734c166ac70374b214e038f5641fc9b695d39cc946faded8ce607cf795" Authorization="Bas..." Content-Type="application/json; charset=utf-8" Cookie="ARRAffinity=fca8f86e2aee5216a9504a5ef5a82caeab7a80b1093c88842a262c639a933047;Path=/;HttpOnly;Secure;Domain=api-alex-12345.scm.azurewebsites.net; ARRAffinitySameSite=fca8f86e2aee5216a9504a5ef5a82caeab7a80b1093c88842a262c639a933047;Path=/;HttpOnly;SameSite=None;Secure;Domain=api-alex-12345.scm.azurewebsites.net" Content-Length="0" X-ARR-LOG-ID="7e1a4207-be82-47f0-9596-36a0e14fb57c" CLIENT-IP="172.182.196.57:34880" X-SITE-DEPLOYMENT-ID="api-alex-12345" WAS-DEFAULT-HOSTNAME="api-alex-12345.scm.azurewebsites.net" X-Forwarded-Proto="https" X-AppService-Proto="https" X-Forwarded-TlsVersion="1.3" X-WAWS-Unencoded-URL="/api/deployments/latest?deployer=OneDeploy&amp;time=2025-09-09_14-38-06Z" X-Client-IP="172.182.196.57" X-Client-Port="34880" >
  <step title="Cleanup Xml Logs" date="2025-09-09T14:42:11.441" >
    <step title="Cleanup Infos" date="2025-09-09T14:42:11.470" totalFiles="446" totalCleanup="286" /><!-- duration: 2ms -->
  </step><!-- duration: 49ms -->
  <step title="DeploymentService.GetResult" date="2025-09-09T14:42:11.502" >
    <step title="DeploymentService.GetLatestDeployment" date="2025-09-09T14:42:11.531" >
      <step title="DeploymentManager.GetResults" date="2025-09-09T14:42:11.532" /><!-- duration: 1257ms -->
    </step><!-- duration: 1279ms -->
  </step><!-- duration: 1317ms -->
  <step title="Outgoing response" date="2025-09-09T14:42:12.837" type="response" statusCode="202" statusText="Accepted" /><!-- duration: 12ms -->
</step><!-- duration: 1436ms -->
