<step title="BackgroundTrace" date="2025-09-09T13:10:28.925" instance="fca8f8" url="/api/publish" method="POST" >
  <step title="Cleanup Xml Logs" date="2025-09-09T13:10:28.935" /><!-- duration: 4ms -->
  <step title="Creating temporary deployment - FetchDeploymentManager" date="2025-09-09T13:10:29.037" /><!-- duration: 10ms -->
  <step title="Creating temporary deployment" date="2025-09-09T13:10:29.078" /><!-- duration: 296ms -->
  <step title="Performing fetch based deployment" date="2025-09-09T13:10:29.509" >
    <step title="Cleaning up temp folders from previous zip deployments and extracting pushed zip file /tmp/zipdeploy/07bb67e8-336e-4cbc-9e63-5e5ea6230af5.zip (143.22 MB) to /tmp/zipdeploy/extracted" date="2025-09-09T13:10:30.732" >
      <step title="ChmodRecursive Process exited with total time taken in ms: 834" date="2025-09-09T13:11:00.890" /><!-- duration: 8ms -->
    </step><!-- duration: 30174ms -->
    <step title="Deployment timer started" date="2025-09-09T13:11:02.923" >
      <step title="DeploymentManager.Deploy(id:1e86ad98-ac8e-4bac-b907-d1e8578d75e9)" date="2025-09-09T13:11:02.929" >
        <step title="Collecting changeset information" date="2025-09-09T13:11:02.949" /><!-- duration: 132ms -->
        <step title="Updating submodules" date="2025-09-09T13:11:03.084" /><!-- duration: 1124ms -->
        <step title="Determining deployment builder" date="2025-09-09T13:11:04.461" >
          <step title="Builder is OryxBuilder" date="2025-09-09T13:11:04.488" /><!-- duration: 9ms -->
        </step><!-- duration: 39ms -->
        <step title="PreDeployment: context.CleanOutputPath False" date="2025-09-09T13:11:04.567" >
          <step title="PreDeployment: context.OutputPath /home/site/wwwroot" date="2025-09-09T13:11:04.694" >
            <step title="Building" date="2025-09-09T13:11:04.822" >
              <step title="Executing external process" date="2025-09-09T13:11:05.224" type="process" path="bash" arguments="-c &quot;oryx build /tmp/zipdeploy/extracted -o /home/site/wwwroot --platform python --platform-version 3.12 -p virtualenv_name=antenv --log-file /tmp/build-debug.log  -i /tmp/8ddefa254edf222 --compress-destination-dir | tee /tmp/oryx-build.log ; exit $PIPESTATUS &quot;" >
                <step title="Cpu: python(5162,40.140s)+ts(5163,0.250s)+build.sh(5161,0.000s)+build.sh(5160,0.000s)+build.sh(5028,0.090s)+oryx(5009,5.360s)+tee(5010,0.000s)+bash(5008,0.000s)=total(45.830s)" date="2025-09-09T13:13:41.856" /><!-- duration: 31ms -->
                <step title="bash: no io activity for 60s, prev-cpu=-1.000s, current-cpu=45.830s" date="2025-09-09T13:13:41.915" /><!-- duration: 21ms -->
                <step title="Cpu: python(5162,84.940s)+ts(5163,0.250s)+build.sh(5161,0.000s)+build.sh(5160,0.000s)+build.sh(5028,0.090s)+oryx(5009,5.770s)+tee(5010,0.000s)+bash(5008,0.000s)=total(91.050s)" date="2025-09-09T13:14:42.446" /><!-- duration: 40ms -->
                <step title="bash: no io activity for 121s, prev-cpu=45.830s, current-cpu=91.050s" date="2025-09-09T13:14:42.506" /><!-- duration: 20ms -->
                <step title="Cpu: python(5162,124.750s)+ts(5163,0.250s)+build.sh(5161,0.000s)+build.sh(5160,0.000s)+build.sh(5028,0.090s)+oryx(5009,6.220s)+tee(5010,0.000s)+bash(5008,0.000s)=total(131.310s)" date="2025-09-09T13:15:43.413" /><!-- duration: 19ms -->
                <step title="bash: no io activity for 182s, prev-cpu=91.050s, current-cpu=131.310s" date="2025-09-09T13:15:43.481" /><!-- duration: 12ms -->
                <step title="Cpu: rsync(5286,11.510s)+rsync(5285,1.540s)+rsync(5284,9.210s)+build.sh(5028,0.100s)+oryx(5009,6.980s)+tee(5010,0.000s)+bash(5008,0.000s)=total(29.340s)" date="2025-09-09T13:17:38.442" /><!-- duration: 10ms -->
                <step title="bash: no io activity for 60s, prev-cpu=-1.000s, current-cpu=29.340s" date="2025-09-09T13:17:38.472" /><!-- duration: 19ms -->
                <step title="Cpu: gzip(5327,40.160s)+sh(5326,0.000s)+tar(5325,2.870s)+build.sh(5028,0.110s)+oryx(5009,7.650s)+tee(5010,0.000s)+bash(5008,0.000s)=total(50.790s)" date="2025-09-09T13:18:55.036" /><!-- duration: 11ms -->
                <step title="bash: no io activity for 60s, prev-cpu=-1.000s, current-cpu=50.790s" date="2025-09-09T13:18:55.058" /><!-- duration: 59ms -->
                <step title="Cpu: gzip(5327,83.920s)+sh(5326,0.000s)+tar(5325,6.630s)+build.sh(5028,0.110s)+oryx(5009,7.850s)+tee(5010,0.000s)+bash(5008,0.000s)=total(98.510s)" date="2025-09-09T13:19:55.548" /><!-- duration: 20ms -->
                <step title="bash: no io activity for 121s, prev-cpu=50.790s, current-cpu=98.510s" date="2025-09-09T13:19:55.571" /><!-- duration: 38ms -->
                <step title="Cpu: gzip(5327,124.790s)+sh(5326,0.000s)+tar(5325,10.370s)+build.sh(5028,0.110s)+oryx(5009,7.970s)+tee(5010,0.000s)+bash(5008,0.000s)=total(143.240s)" date="2025-09-09T13:20:56.004" /><!-- duration: 30ms -->
                <step title="bash: no io activity for 181s, prev-cpu=98.510s, current-cpu=143.240s" date="2025-09-09T13:20:56.064" /><!-- duration: 51ms -->
              </step><!-- duration: 612202ms -->
              <step title="Using PythonDeploymentLogParser" date="2025-09-09T13:21:17.885" /><!-- duration: 2ms -->
              <step title="Modified file to trigger a restart of the app container." date="2025-09-09T13:21:19.317" /><!-- duration: 1ms -->
              <step title="Skip function trigger and logicapp sync because function is not enabled." date="2025-09-09T13:21:19.334" /><!-- duration: 20ms -->
            </step><!-- duration: 615598ms -->
          </step><!-- duration: 615728ms -->
          <step title="Cleaning up temp files" date="2025-09-09T13:21:20.423" /><!-- duration: 7019ms -->
          <step title="Cleaning up temp files" date="2025-09-09T13:21:27.445" /><!-- duration: 528ms -->
          <step title="Reloading status file with latest updates" date="2025-09-09T13:21:28.001" >
            <step title="WebHooksManager.PublishEventAsync: PostDeployment" date="2025-09-09T13:21:28.010" /><!-- duration: 139ms -->
          </step><!-- duration: 151ms -->
          <step title="Cleaning up temporary deployment - fetch deployment was successful" date="2025-09-09T13:21:28.157" /><!-- duration: 2ms -->
        </step><!-- duration: 623656ms -->
      </step><!-- duration: 625354ms -->
