<step title="Incoming Request" date="2025-09-09T14:40:31.601" instance="fca8f8" url="/api/deployments/latest?deployer=OneDeploy&amp;time=2025-09-09_14-38-06Z" method="GET" type="request" pid="771,1,22" Host="api-alex-12345.scm.azurewebsites.net" User-Agent="GITHUBACTIONS_DeployWebAppToAzure_93b2a8734c166ac70374b214e038f5641fc9b695d39cc946faded8ce607cf795" Authorization="Bas..." Content-Type="application/json; charset=utf-8" Cookie="ARRAffinity=fca8f86e2aee5216a9504a5ef5a82caeab7a80b1093c88842a262c639a933047;Path=/;HttpOnly;Secure;Domain=api-alex-12345.scm.azurewebsites.net; ARRAffinitySameSite=fca8f86e2aee5216a9504a5ef5a82caeab7a80b1093c88842a262c639a933047;Path=/;HttpOnly;SameSite=None;Secure;Domain=api-alex-12345.scm.azurewebsites.net" Content-Length="0" X-ARR-LOG-ID="69c2b094-3b5f-4f9e-9af4-3260e0a10d73" CLIENT-IP="172.182.196.57:34882" X-SITE-DEPLOYMENT-ID="api-alex-12345" WAS-DEFAULT-HOSTNAME="api-alex-12345.scm.azurewebsites.net" X-Forwarded-Proto="https" X-AppService-Proto="https" X-Forwarded-TlsVersion="1.3" X-WAWS-Unencoded-URL="/api/deployments/latest?deployer=OneDeploy&amp;time=2025-09-09_14-38-06Z" X-Client-IP="172.182.196.57" X-Client-Port="34882" >
  <step title="Cleanup Xml Logs" date="2025-09-09T14:40:31.603" >
    <step title="Cleanup Infos" date="2025-09-09T14:40:31.623" totalFiles="431" totalCleanup="271" /><!-- duration: 9ms -->
  </step><!-- duration: 37ms -->
  <step title="DeploymentService.GetResult" date="2025-09-09T14:40:31.651" >
    <step title="DeploymentService.GetLatestDeployment" date="2025-09-09T14:40:31.652" >
      <step title="DeploymentManager.GetResults" date="2025-09-09T14:40:31.654" /><!-- duration: 633ms -->
    </step><!-- duration: 636ms -->
  </step><!-- duration: 645ms -->
  <step title="Outgoing response" date="2025-09-09T14:40:32.298" type="response" statusCode="202" statusText="Accepted" /><!-- duration: 8ms -->
</step><!-- duration: 706ms -->
