<step title="Incoming Request" date="2025-09-09T13:35:24.703" instance="fca8f8" url="/api/deployments/latest?deployer=OneDeploy&amp;time=2025-09-09_13-28-18Z" method="GET" type="request" pid="771,1,27" Host="api-alex-12345.scm.azurewebsites.net" User-Agent="GITHUBACTIONS_DeployWebAppToAzure_93b2a8734c166ac70374b214e038f5641fc9b695d39cc946faded8ce607cf795" Authorization="Bas..." Content-Type="application/json; charset=utf-8" Cookie="ARRAffinity=fca8f86e2aee5216a9504a5ef5a82caeab7a80b1093c88842a262c639a933047;Path=/;HttpOnly;Secure;Domain=api-alex-12345.scm.azurewebsites.net; ARRAffinitySameSite=fca8f86e2aee5216a9504a5ef5a82caeab7a80b1093c88842a262c639a933047;Path=/;HttpOnly;SameSite=None;Secure;Domain=api-alex-12345.scm.azurewebsites.net" Content-Length="0" X-ARR-LOG-ID="25291098-5484-42c0-827a-b97defafd881" CLIENT-IP="68.220.59.57:14410" X-SITE-DEPLOYMENT-ID="api-alex-12345" WAS-DEFAULT-HOSTNAME="api-alex-12345.scm.azurewebsites.net" X-Forwarded-Proto="https" X-AppService-Proto="https" X-Forwarded-TlsVersion="1.3" X-WAWS-Unencoded-URL="/api/deployments/latest?deployer=OneDeploy&amp;time=2025-09-09_13-28-18Z" X-Client-IP="68.220.59.57" X-Client-Port="14410" >
  <step title="Cleanup Xml Logs" date="2025-09-09T13:35:24.729" >
    <step title="Cleanup Infos" date="2025-09-09T13:35:24.761" totalFiles="200" totalCleanup="40" /><!-- duration: 343ms -->
  </step><!-- duration: 444ms -->
  <step title="DeploymentService.GetResult" date="2025-09-09T13:35:25.194" >
    <step title="DeploymentService.GetLatestDeployment" date="2025-09-09T13:35:25.203" >
      <step title="DeploymentManager.GetResults" date="2025-09-09T13:35:25.205" /><!-- duration: 563ms -->
    </step><!-- duration: 575ms -->
  </step><!-- duration: 592ms -->
  <step title="Outgoing response" date="2025-09-09T13:35:25.796" type="response" statusCode="202" statusText="Accepted" /><!-- duration: 3ms -->
</step><!-- duration: 1105ms -->
