<step title="Incoming Request" date="2025-09-09T13:37:44.109" instance="fca8f8" url="/api/deployments/latest?deployer=OneDeploy&amp;time=2025-09-09_13-28-18Z" method="GET" type="request" pid="771,1,30" Host="api-alex-12345.scm.azurewebsites.net" User-Agent="GITHUBACTIONS_DeployWebAppToAzure_93b2a8734c166ac70374b214e038f5641fc9b695d39cc946faded8ce607cf795" Authorization="Bas..." Content-Type="application/json; charset=utf-8" Cookie="ARRAffinity=fca8f86e2aee5216a9504a5ef5a82caeab7a80b1093c88842a262c639a933047;Path=/;HttpOnly;Secure;Domain=api-alex-12345.scm.azurewebsites.net; ARRAffinitySameSite=fca8f86e2aee5216a9504a5ef5a82caeab7a80b1093c88842a262c639a933047;Path=/;HttpOnly;SameSite=None;Secure;Domain=api-alex-12345.scm.azurewebsites.net" Content-Length="0" X-ARR-LOG-ID="87298bf2-6990-4eee-a2a5-198f32dd35f9" CLIENT-IP="68.220.59.57:14408" X-SITE-DEPLOYMENT-ID="api-alex-12345" WAS-DEFAULT-HOSTNAME="api-alex-12345.scm.azurewebsites.net" X-Forwarded-Proto="https" X-AppService-Proto="https" X-Forwarded-TlsVersion="1.3" X-WAWS-Unencoded-URL="/api/deployments/latest?deployer=OneDeploy&amp;time=2025-09-09_13-28-18Z" X-Client-IP="68.220.59.57" X-Client-Port="14408" >
  <step title="Cleanup Xml Logs" date="2025-09-09T13:37:44.118" >
    <step title="Cleanup Infos" date="2025-09-09T13:37:44.187" totalFiles="221" totalCleanup="61" /><!-- duration: 22ms -->
  </step><!-- duration: 159ms -->
  <step title="DeploymentService.GetResult" date="2025-09-09T13:37:44.369" >
    <step title="DeploymentService.GetLatestDeployment" date="2025-09-09T13:37:44.379" >
      <step title="DeploymentManager.GetResults" date="2025-09-09T13:37:44.400" /><!-- duration: 895ms -->
    </step><!-- duration: 955ms -->
  </step><!-- duration: 995ms -->
  <step title="Outgoing response" date="2025-09-09T13:37:45.383" type="response" statusCode="202" statusText="Accepted" /><!-- duration: 2ms -->
</step><!-- duration: 1286ms -->
