<step title="Incoming Request" date="2025-09-09T14:32:17.855" instance="fca8f8" url="/api/publish?async=true&amp;deployer=GITHUB_ONE_DEPLOY&amp;type=zip&amp;message=%7B%22type%22%3A%22deployment%22%2C%22sha%22%3A%2256f87fe98edab38a863d55a2c316110ce630b182%22%2C%22repoName%22%3A%22HanshuoXue%2FAIex%22%2C%22actor%22%3A%22HanshuoXue%22%2C%22slotName%22%3A%22production%22%2C%22commitMessage%22%3A%22trigger%3A%20Update%20API%20comment%20to%20trigger%20automatic%20deployment%5Cn%5Cn%F0%9F%94%84%20Trigger%20Deployment%3A%5Cn-%20Add%20comment%20to%20api%2Fmain.py%20to%20trigger%20workflow%5Cn-%20Ensure%20latest%20backend%20changes%20are%20deployed%20automatically%5Cn-%20Include%20flows%2F%20directory%20and%20path%20fixes%5Cn%5Cn%F0%9F%93%8B%20Changes%20Being%20Deployed%3A%5Cn-%20flows%2F%20directory%20included%20in%20deployment%20package%5Cn-%20Fixed%20Prompt%20Flow%20path%20detection%5Cn-%20Debug%20endpoint%20for%20troubleshooting%5Cn-%20All%20latest%20AI%20matching%20improvements%22%7D" method="POST" type="request" pid="771,1,31" Host="api-alex-12345.scm.azurewebsites.net" User-Agent="GITHUBACTIONS_DeployWebAppToAzure_93b2a8734c166ac70374b214e038f5641fc9b695d39cc946faded8ce607cf795" Authorization="Bas..." Content-Type="application/octet-stream" Cookie="ARRAffinity=fca8f86e2aee5216a9504a5ef5a82caeab7a80b1093c88842a262c639a933047;Path=/;HttpOnly;Secure;Domain=api-alex-12345.scm.azurewebsites.net; ARRAffinitySameSite=fca8f86e2aee5216a9504a5ef5a82caeab7a80b1093c88842a262c639a933047;Path=/;HttpOnly;SameSite=None;Secure;Domain=api-alex-12345.scm.azurewebsites.net" Transfer-Encoding="chunked" X-ARR-LOG-ID="5e256992-d1fc-467f-8bbf-26de6191c675" CLIENT-IP="52.238.26.250:50240" X-SITE-DEPLOYMENT-ID="api-alex-12345" WAS-DEFAULT-HOSTNAME="api-alex-12345.scm.azurewebsites.net" X-Forwarded-Proto="https" X-AppService-Proto="https" X-Forwarded-TlsVersion="1.3" X-WAWS-Unencoded-URL="/api/publish?async=true&amp;deployer=GITHUB_ONE_DEPLOY&amp;type=zip&amp;message=%7B%22type%22%3A%22deployment%22%2C%22sha%22%3A%2256f87fe98edab38a863d55a2c316110ce630b182%22%2C%22repoName%22%3A%22HanshuoXue%2FAIex%22%2C%22actor%22%3A%22HanshuoXue%22%2C%22slotName%22%3A%22production%22%2C%22commitMessage%22%3A%22trigger%3A%20Update%20API%20comment%20to%20trigger%20automatic%20deployment%5Cn%5Cn%F0%9F%94%84%20Trigger%20Deployment%3A%5Cn-%20Add%20comment%20to%20api%2Fmain.py%20to%20trigger%20workflow%5Cn-%20Ensure%20latest%20backend%20changes%20are%20deployed%20automatically%5Cn-%20Include%20flows%2F%20directory%20and%20path%20fixes%5Cn%5Cn%F0%9F%93%8B%20Changes%20Being%20Deployed%3A%5Cn-%20flows%2F%20directory%20included%20in%20deployment%20package%5Cn-%20Fixed%20Prompt%20Flow%20path%20detection%5Cn-%20Debug%20endpoint%20for%20troubleshooting%5Cn-%20All%20latest%20AI%20matching%20improvements%22%7D" X-Client-IP="52.238.26.250" X-Client-Port="50240" >
  <step title="Cleanup Xml Logs" date="2025-09-09T14:32:17.885" >
    <step title="Cleanup Infos" date="2025-09-09T14:32:17.956" totalFiles="402" totalCleanup="242" /><!-- duration: 21ms -->
  </step><!-- duration: 119ms -->
  <step title="OneDeploy" date="2025-09-09T14:32:18.057" >
    <step title="Starting PushDeployAsync" date="2025-09-09T14:32:18.135" /><!-- duration: 80ms -->
    <step title="Writing artifact to /tmp/zipdeploy/ae161bf3-72fd-49ed-a262-b4cd6ef244c4.zip" date="2025-09-09T14:32:18.237" >
      <step title="Writing multipart request body to /tmp/zipdeploy/ae161bf3-72fd-49ed-a262-b4cd6ef244c4.zip" date="2025-09-09T14:32:18.246" /><!-- duration: 1ms -->
    </step><!-- duration: 15593ms -->
    <step title="Start deployment in the background" date="2025-09-09T14:32:33.963" >
      <step title="Acquiring Deployment Lock" date="2025-09-09T14:32:34.324" /><!-- duration: 30ms -->
      <step title="Cannot Acquire Deployment Lock already held" date="2025-09-09T14:32:34.454" /><!-- duration: 29ms -->
    </step><!-- duration: 610ms -->
    <step title="There is a deployment currently in progress. Please try again when it completes." date="2025-09-09T14:32:34.644" /><!-- duration: 22ms -->
  </step><!-- duration: 16647ms -->
  <step title="Outgoing response" date="2025-09-09T14:32:34.744" type="response" statusCode="409" statusText="Conflict" /><!-- duration: 20ms -->
</step><!-- duration: 16920ms -->
