<step title="Incoming Request" date="2025-09-09T14:40:11.228" instance="fca8f8" url="/api/deployments/latest?deployer=OneDeploy&amp;time=2025-09-09_14-38-06Z" method="GET" type="request" pid="771,1,22" Host="api-alex-12345.scm.azurewebsites.net" User-Agent="GITHUBACTIONS_DeployWebAppToAzure_93b2a8734c166ac70374b214e038f5641fc9b695d39cc946faded8ce607cf795" Authorization="Bas..." Content-Type="application/json; charset=utf-8" Cookie="ARRAffinity=fca8f86e2aee5216a9504a5ef5a82caeab7a80b1093c88842a262c639a933047;Path=/;HttpOnly;Secure;Domain=api-alex-12345.scm.azurewebsites.net; ARRAffinitySameSite=fca8f86e2aee5216a9504a5ef5a82caeab7a80b1093c88842a262c639a933047;Path=/;HttpOnly;SameSite=None;Secure;Domain=api-alex-12345.scm.azurewebsites.net" Content-Length="0" X-ARR-LOG-ID="cfb114fb-2412-4967-aee4-db43a6df9e59" CLIENT-IP="172.182.196.57:34880" X-SITE-DEPLOYMENT-ID="api-alex-12345" WAS-DEFAULT-HOSTNAME="api-alex-12345.scm.azurewebsites.net" X-Forwarded-Proto="https" X-AppService-Proto="https" X-Forwarded-TlsVersion="1.3" X-WAWS-Unencoded-URL="/api/deployments/latest?deployer=OneDeploy&amp;time=2025-09-09_14-38-06Z" X-Client-IP="172.182.196.57" X-Client-Port="34880" >
  <step title="Cleanup Xml Logs" date="2025-09-09T14:40:11.236" >
    <step title="Cleanup Infos" date="2025-09-09T14:40:11.269" totalFiles="428" totalCleanup="268" /><!-- duration: 27ms -->
  </step><!-- duration: 73ms -->
  <step title="DeploymentService.GetResult" date="2025-09-09T14:40:11.319" >
    <step title="DeploymentService.GetLatestDeployment" date="2025-09-09T14:40:11.329" >
      <step title="DeploymentManager.GetResults" date="2025-09-09T14:40:11.339" /><!-- duration: 742ms -->
    </step><!-- duration: 764ms -->
  </step><!-- duration: 793ms -->
  <step title="Outgoing response" date="2025-09-09T14:40:12.142" type="response" statusCode="202" statusText="Accepted" /><!-- duration: 3ms -->
</step><!-- duration: 946ms -->
