<step title="Incoming Request" date="2025-09-09T14:00:40.087" instance="fca8f8" url="/api/deployments/latest?deployer=OneDeploy&amp;time=2025-09-09_13-56-28Z" method="GET" type="request" pid="771,1,30" Host="api-alex-12345.scm.azurewebsites.net" User-Agent="GITHUBACTIONS_DeployWebAppToAzure_93b2a8734c166ac70374b214e038f5641fc9b695d39cc946faded8ce607cf795" Authorization="Bas..." Content-Type="application/json; charset=utf-8" Cookie="ARRAffinity=fca8f86e2aee5216a9504a5ef5a82caeab7a80b1093c88842a262c639a933047;Path=/;HttpOnly;Secure;Domain=api-alex-12345.scm.azurewebsites.net; ARRAffinitySameSite=fca8f86e2aee5216a9504a5ef5a82caeab7a80b1093c88842a262c639a933047;Path=/;HttpOnly;SameSite=None;Secure;Domain=api-alex-12345.scm.azurewebsites.net" Content-Length="0" X-ARR-LOG-ID="d7190596-db7d-46cf-ae7e-aca52a4e0341" CLIENT-IP="52.159.245.162:54288" X-SITE-DEPLOYMENT-ID="api-alex-12345" WAS-DEFAULT-HOSTNAME="api-alex-12345.scm.azurewebsites.net" X-Forwarded-Proto="https" X-AppService-Proto="https" X-Forwarded-TlsVersion="1.3" X-WAWS-Unencoded-URL="/api/deployments/latest?deployer=OneDeploy&amp;time=2025-09-09_13-56-28Z" X-Client-IP="52.159.245.162" X-Client-Port="54288" >
  <step title="Cleanup Xml Logs" date="2025-09-09T14:00:40.097" >
    <step title="Cleanup Infos" date="2025-09-09T14:00:40.159" totalFiles="271" totalCleanup="111" /><!-- duration: 20ms -->
  </step><!-- duration: 120ms -->
  <step title="DeploymentService.GetResult" date="2025-09-09T14:00:40.228" >
    <step title="DeploymentService.GetLatestDeployment" date="2025-09-09T14:00:40.230" >
      <step title="DeploymentManager.GetResults" date="2025-09-09T14:00:40.238" /><!-- duration: 874ms -->
    </step><!-- duration: 922ms -->
  </step><!-- duration: 944ms -->
  <step title="Outgoing response" date="2025-09-09T14:00:41.196" type="response" statusCode="202" statusText="Accepted" /><!-- duration: 38ms -->
</step><!-- duration: 1188ms -->
