<step title="Incoming Request" date="2025-09-08T11:09:22.804" instance="fca8f8" url="/api/publish?type=zip" method="POST" type="request" pid="771,1,16" Accept="*/*" Host="api-alex-12345.scm.azurewebsites.net" User-Agent="AZURECLI/2.77.0 (HOMEBREW)" Accept-Encoding="gzip, deflate" Authorization="Bea..." Cache-Control="no-cache" Content-Type="application/octet-stream" Cookie="ARRAffinity=fca8f86e2aee5216a9504a5ef5a82caeab7a80b1093c88842a262c639a933047; ARRAffinitySameSite=fca8f86e2aee5216a9504a5ef5a82caeab7a80b1093c88842a262c639a933047" Content-Length="1519" x-ms-client-request-id="412c5754-8ca4-11f0-9366-da4a3deb5993" x-ms-artifact-checksum="50b205f7cd1e927623b6e379535d4b3ba1c06f65721a6ad9aa28ddb939f8646e" X-ARR-LOG-ID="412c5754-8ca4-11f0-9366-da4a3deb5993" CLIENT-IP="202.36.244.30:33032" X-SITE-DEPLOYMENT-ID="api-alex-12345" WAS-DEFAULT-HOSTNAME="api-alex-12345.scm.azurewebsites.net" X-Forwarded-Proto="https" X-AppService-Proto="https" X-Forwarded-TlsVersion="1.3" X-WAWS-Unencoded-URL="/api/publish?type=zip" X-Client-IP="202.36.244.30" X-Client-Port="33032" >
  <step title="OneDeploy" date="2025-09-08T11:09:22.966" >
    <step title="None repository commit" date="2025-09-08T11:09:22.988" >
      <step title="Commit id: 7e0c2562-0152-42d1-b479-d93973e4144a" date="2025-09-08T11:09:22.997" Message="N/A" AuthorName="N/A" AuthorEmail="N/A" /><!-- duration: 2ms -->
    </step><!-- duration: 18ms -->
    <step title="Starting PushDeployAsync" date="2025-09-08T11:09:23.008" /><!-- duration: 2ms -->
    <step title="Writing artifact to /tmp/zipdeploy/11b1b108-0b14-462f-80f8-a847921bf993.zip" date="2025-09-08T11:09:23.026" >
      <step title="Writing multipart request body to /tmp/zipdeploy/11b1b108-0b14-462f-80f8-a847921bf993.zip" date="2025-09-08T11:09:23.036" /><!-- duration: 2ms -->
    </step><!-- duration: 62ms -->
    <step title="Attempting to fetch target branch HEAD" date="2025-09-08T11:09:23.101" /><!-- duration: 6ms -->
    <step title="Acquiring Deployment Lock" date="2025-09-08T11:09:23.110" /><!-- duration: 2ms -->
    <step title="Acquired Deployment Lock" date="2025-09-08T11:09:23.161" /><!-- duration: 1ms -->
    <step title="Performing fetch based deployment" date="2025-09-08T11:09:23.166" >
      <step title="Creating temporary deployment" date="2025-09-08T11:09:23.169" /><!-- duration: 42ms -->
      <step title="Releasing Deployment Lock" date="2025-09-08T11:09:24.385" /><!-- duration: 3ms -->
      <step title="Cleaning up temp folders from previous zip deployments and extracting pushed zip file /tmp/zipdeploy/11b1b108-0b14-462f-80f8-a847921bf993.zip (0.00 MB) to /tmp/zipdeploy/extracted" date="2025-09-08T11:09:24.464" >
        <step title="ChmodRecursive Process exited with total time taken in ms: 61" date="2025-09-08T11:09:24.558" /><!-- duration: 37ms -->
      </step><!-- duration: 142ms -->
      <step title="None repository commit" date="2025-09-08T11:09:24.618" >
        <step title="Commit id: 7e0c2562-0152-42d1-b479-d93973e4144a" date="2025-09-08T11:09:24.626" Message="OneDeploy" AuthorName="N/A" AuthorEmail="N/A" /><!-- duration: 1ms -->
      </step><!-- duration: 11ms -->
      <step title="Deployment timer started" date="2025-09-08T11:09:26.643" >
        <step title="DeploymentManager.Deploy(id:7e0c2562-0152-42d1-b479-d93973e4144a)" date="2025-09-08T11:09:26.647" >
          <step title="Collecting changeset information" date="2025-09-08T11:09:26.671" /><!-- duration: 77ms -->
          <step title="Updating submodules" date="2025-09-08T11:09:26.752" /><!-- duration: 1170ms -->
          <step title="Determining deployment builder" date="2025-09-08T11:09:28.135" >
            <step title="Builder is OneDeployBuilder" date="2025-09-08T11:09:28.152" /><!-- duration: 2ms -->
          </step><!-- duration: 21ms -->
          <step title="PreDeployment: context.CleanOutputPath False" date="2025-09-08T11:09:28.198" >
            <step title="PreDeployment: context.OutputPath /home/site/wwwroot" date="2025-09-08T11:09:28.338" >
              <step title="Building" date="2025-09-08T11:09:28.473" >
                <step title="Executing external process" date="2025-09-08T11:09:28.971" type="process" path="starter.sh" arguments="/opt/Kudu/Scripts/parallel_rsync.sh /tmp/zipdeploy/extracted /home/site/wwwroot 8 /tmp/ False False  " /><!-- duration: 1815ms -->
                <step title="Modified file to trigger a restart of the app container." date="2025-09-08T11:09:31.313" /><!-- duration: 3ms -->
                <step title="Skip function trigger and logicapp sync because function is not enabled." date="2025-09-08T11:09:31.326" /><!-- duration: 10ms -->
              </step><!-- duration: 3614ms -->
            </step><!-- duration: 3757ms -->
            <step title="Cleaning up temp files" date="2025-09-08T11:09:32.096" /><!-- duration: 2ms -->
            <step title="Cleaning up temp files" date="2025-09-08T11:09:32.102" /><!-- duration: 510ms -->
            <step title="Reloading status file with latest updates" date="2025-09-08T11:09:32.657" >
              <step title="WebHooksManager.PublishEventAsync: PostDeployment" date="2025-09-08T11:09:32.660" /><!-- duration: 75ms -->
            </step><!-- duration: 81ms -->
            <step title="Cleaning up temporary deployment - fetch deployment was successful" date="2025-09-08T11:09:32.743" /><!-- duration: 1ms -->
          </step><!-- duration: 4627ms -->
        </step><!-- duration: 6183ms -->
        <step title="Outgoing response" date="2025-09-08T11:09:32.841" type="response" statusCode="200" statusText="OK" /><!-- duration: 2ms -->
      </step><!-- duration: 6200ms -->
