<step title="Incoming Request" date="2025-09-09T13:57:34.618" instance="fca8f8" url="/api/deployments/latest?deployer=OneDeploy&amp;time=2025-09-09_13-56-28Z" method="GET" type="request" pid="771,1,34" Host="api-alex-12345.scm.azurewebsites.net" User-Agent="GITHUBACTIONS_DeployWebAppToAzure_93b2a8734c166ac70374b214e038f5641fc9b695d39cc946faded8ce607cf795" Authorization="Bas..." Content-Type="application/json; charset=utf-8" Cookie="ARRAffinity=fca8f86e2aee5216a9504a5ef5a82caeab7a80b1093c88842a262c639a933047;Path=/;HttpOnly;Secure;Domain=api-alex-12345.scm.azurewebsites.net; ARRAffinitySameSite=fca8f86e2aee5216a9504a5ef5a82caeab7a80b1093c88842a262c639a933047;Path=/;HttpOnly;SameSite=None;Secure;Domain=api-alex-12345.scm.azurewebsites.net" Content-Length="0" X-ARR-LOG-ID="f04d93f5-1615-4dcc-86ae-0b60f0fbacf9" CLIENT-IP="52.159.245.162:54288" X-SITE-DEPLOYMENT-ID="api-alex-12345" WAS-DEFAULT-HOSTNAME="api-alex-12345.scm.azurewebsites.net" X-Forwarded-Proto="https" X-AppService-Proto="https" X-Forwarded-TlsVersion="1.3" X-WAWS-Unencoded-URL="/api/deployments/latest?deployer=OneDeploy&amp;time=2025-09-09_13-56-28Z" X-Client-IP="52.159.245.162" X-Client-Port="54288" >
  <step title="Cleanup Xml Logs" date="2025-09-09T13:57:34.639" >
    <step title="Cleanup Infos" date="2025-09-09T13:57:34.719" totalFiles="243" totalCleanup="83" /><!-- duration: 58ms -->
  </step><!-- duration: 151ms -->
  <step title="DeploymentService.GetResult" date="2025-09-09T13:57:34.837" >
    <step title="DeploymentService.GetLatestDeployment" date="2025-09-09T13:57:34.847" >
      <step title="DeploymentManager.GetResults" date="2025-09-09T13:57:34.870" /><!-- duration: 946ms -->
    </step><!-- duration: 1019ms -->
  </step><!-- duration: 1047ms -->
  <step title="Outgoing response" date="2025-09-09T13:57:35.934" type="response" statusCode="202" statusText="Accepted" /><!-- duration: 2ms -->
</step><!-- duration: 1336ms -->
