<step title="Incoming Request" date="2025-09-09T13:58:20.661" instance="fca8f8" url="/api/deployments/latest?deployer=OneDeploy&amp;time=2025-09-09_13-56-28Z" method="GET" type="request" pid="771,1,39" Host="api-alex-12345.scm.azurewebsites.net" User-Agent="GITHUBACTIONS_DeployWebAppToAzure_93b2a8734c166ac70374b214e038f5641fc9b695d39cc946faded8ce607cf795" Authorization="Bas..." Content-Type="application/json; charset=utf-8" Cookie="ARRAffinity=fca8f86e2aee5216a9504a5ef5a82caeab7a80b1093c88842a262c639a933047;Path=/;HttpOnly;Secure;Domain=api-alex-12345.scm.azurewebsites.net; ARRAffinitySameSite=fca8f86e2aee5216a9504a5ef5a82caeab7a80b1093c88842a262c639a933047;Path=/;HttpOnly;SameSite=None;Secure;Domain=api-alex-12345.scm.azurewebsites.net" Content-Length="0" X-ARR-LOG-ID="d305c7a5-5e27-4d40-8c00-193ebd98114a" CLIENT-IP="52.159.245.162:54290" X-SITE-DEPLOYMENT-ID="api-alex-12345" WAS-DEFAULT-HOSTNAME="api-alex-12345.scm.azurewebsites.net" X-Forwarded-Proto="https" X-AppService-Proto="https" X-Forwarded-TlsVersion="1.3" X-WAWS-Unencoded-URL="/api/deployments/latest?deployer=OneDeploy&amp;time=2025-09-09_13-56-28Z" X-Client-IP="52.159.245.162" X-Client-Port="54290" >
  <step title="Cleanup Xml Logs" date="2025-09-09T13:58:20.720" >
    <step title="Cleanup Infos" date="2025-09-09T13:58:20.792" totalFiles="250" totalCleanup="90" /><!-- duration: 21ms -->
  </step><!-- duration: 132ms -->
  <step title="DeploymentService.GetResult" date="2025-09-09T13:58:20.894" >
    <step title="DeploymentService.GetLatestDeployment" date="2025-09-09T13:58:20.912" >
      <step title="DeploymentManager.GetResults" date="2025-09-09T13:58:20.922" /><!-- duration: 997ms -->
    </step><!-- duration: 1038ms -->
  </step><!-- duration: 1074ms -->
  <step title="Outgoing response" date="2025-09-09T13:58:21.970" type="response" statusCode="202" statusText="Accepted" /><!-- duration: 17ms -->
</step><!-- duration: 1327ms -->
