<step title="Incoming Request" date="2025-09-09T14:29:32.317" instance="fca8f8" url="/api/deployments/latest?deployer=OneDeploy&amp;time=2025-09-09_14-28-45Z" method="GET" type="request" pid="771,1,26" Host="api-alex-12345.scm.azurewebsites.net" User-Agent="GITHUBACTIONS_DeployWebAppToAzure_93b2a8734c166ac70374b214e038f5641fc9b695d39cc946faded8ce607cf795" Authorization="Bas..." Content-Type="application/json; charset=utf-8" Cookie="ARRAffinity=fca8f86e2aee5216a9504a5ef5a82caeab7a80b1093c88842a262c639a933047;Path=/;HttpOnly;Secure;Domain=api-alex-12345.scm.azurewebsites.net; ARRAffinitySameSite=fca8f86e2aee5216a9504a5ef5a82caeab7a80b1093c88842a262c639a933047;Path=/;HttpOnly;SameSite=None;Secure;Domain=api-alex-12345.scm.azurewebsites.net" Content-Length="0" X-ARR-LOG-ID="ab54b5f9-a05f-4eb8-b51f-24a136c12f38" CLIENT-IP="57.151.137.182:59842" X-SITE-DEPLOYMENT-ID="api-alex-12345" WAS-DEFAULT-HOSTNAME="api-alex-12345.scm.azurewebsites.net" X-Forwarded-Proto="https" X-AppService-Proto="https" X-Forwarded-TlsVersion="1.3" X-WAWS-Unencoded-URL="/api/deployments/latest?deployer=OneDeploy&amp;time=2025-09-09_14-28-45Z" X-Client-IP="57.151.137.182" X-Client-Port="59842" >
  <step title="Cleanup Xml Logs" date="2025-09-09T14:29:32.319" >
    <step title="Cleanup Infos" date="2025-09-09T14:29:32.367" totalFiles="389" totalCleanup="229" /><!-- duration: 41ms -->
  </step><!-- duration: 98ms -->
  <step title="DeploymentService.GetResult" date="2025-09-09T14:29:32.467" >
    <step title="DeploymentService.GetLatestDeployment" date="2025-09-09T14:29:32.468" >
      <step title="DeploymentManager.GetResults" date="2025-09-09T14:29:32.478" /><!-- duration: 615ms -->
    </step><!-- duration: 634ms -->
  </step><!-- duration: 644ms -->
  <step title="Outgoing response" date="2025-09-09T14:29:33.114" type="response" statusCode="202" statusText="Accepted" /><!-- duration: 1ms -->
</step><!-- duration: 800ms -->
