<step title="Incoming Request" date="2025-09-09T14:28:37.545" instance="fca8f8" url="/api/publish?async=true&amp;deployer=GITHUB_ONE_DEPLOY&amp;type=zip&amp;message=%7B%22type%22%3A%22deployment%22%2C%22sha%22%3A%22b2cc46653edcafe0fc2e6c6b22d425e21d6d9c24%22%2C%22repoName%22%3A%22HanshuoXue%2FAIex%22%2C%22actor%22%3A%22HanshuoXue%22%2C%22slotName%22%3A%22production%22%2C%22commitMessage%22%3A%22%22%7D" method="POST" type="request" pid="771,1,21" Host="api-alex-12345.scm.azurewebsites.net" User-Agent="GITHUBACTIONS_DeployWebAppToAzure_93b2a8734c166ac70374b214e038f5641fc9b695d39cc946faded8ce607cf795" Authorization="Bas..." Content-Type="application/octet-stream" Cookie="ARRAffinity=fca8f86e2aee5216a9504a5ef5a82caeab7a80b1093c88842a262c639a933047;Path=/;HttpOnly;Secure;Domain=api-alex-12345.scm.azurewebsites.net; ARRAffinitySameSite=fca8f86e2aee5216a9504a5ef5a82caeab7a80b1093c88842a262c639a933047;Path=/;HttpOnly;SameSite=None;Secure;Domain=api-alex-12345.scm.azurewebsites.net" Transfer-Encoding="chunked" X-ARR-LOG-ID="981b289b-a141-41b3-b312-ab8fc8033f4b" CLIENT-IP="57.151.137.182:59840" X-SITE-DEPLOYMENT-ID="api-alex-12345" WAS-DEFAULT-HOSTNAME="api-alex-12345.scm.azurewebsites.net" X-Forwarded-Proto="https" X-AppService-Proto="https" X-Forwarded-TlsVersion="1.3" X-WAWS-Unencoded-URL="/api/publish?async=true&amp;deployer=GITHUB_ONE_DEPLOY&amp;type=zip&amp;message=%7B%22type%22%3A%22deployment%22%2C%22sha%22%3A%22b2cc46653edcafe0fc2e6c6b22d425e21d6d9c24%22%2C%22repoName%22%3A%22HanshuoXue%2FAIex%22%2C%22actor%22%3A%22HanshuoXue%22%2C%22slotName%22%3A%22production%22%2C%22commitMessage%22%3A%22%22%7D" X-Client-IP="57.151.137.182" X-Client-Port="59840" >
  <step title="OneDeploy" date="2025-09-09T14:28:37.601" >
    <step title="Starting PushDeployAsync" date="2025-09-09T14:28:37.638" /><!-- duration: 40ms -->
    <step title="Writing artifact to /tmp/zipdeploy/878c6d7a-c7d4-45e4-9ff4-062cee9caa86.zip" date="2025-09-09T14:28:37.699" >
      <step title="Writing multipart request body to /tmp/zipdeploy/878c6d7a-c7d4-45e4-9ff4-062cee9caa86.zip" date="2025-09-09T14:28:37.702" /><!-- duration: 18ms -->
    </step><!-- duration: 7424ms -->
    <step title="Removing previous build artifact&apos;s manifest file" date="2025-09-09T14:28:45.146" >
      <step title="Start deployment in the background" date="2025-09-09T14:28:45.167" >
        <step title="Acquiring Deployment Lock" date="2025-09-09T14:28:45.212" /><!-- duration: 11ms -->
        <step title="Acquired Deployment Lock" date="2025-09-09T14:28:45.254" /><!-- duration: 2ms -->
      </step><!-- duration: 227ms -->
    </step><!-- duration: 258ms -->
    <step title="Outgoing response" date="2025-09-09T14:28:45.409" type="response" statusCode="202" statusText="Accepted" /><!-- duration: 3ms -->
  </step><!-- duration: 7815ms -->
