<step title="Incoming Request" date="2025-09-09T14:49:26.696" instance="fca8f8" url="/api/deployments/latest?deployer=OneDeploy&amp;time=2025-09-09_14-47-32Z" method="GET" type="request" pid="771,1,28" Host="api-alex-12345.scm.azurewebsites.net" User-Agent="GITHUBACTIONS_DeployWebAppToAzure_93b2a8734c166ac70374b214e038f5641fc9b695d39cc946faded8ce607cf795" Authorization="Bas..." Content-Type="application/json; charset=utf-8" Cookie="ARRAffinity=fca8f86e2aee5216a9504a5ef5a82caeab7a80b1093c88842a262c639a933047;Path=/;HttpOnly;Secure;Domain=api-alex-12345.scm.azurewebsites.net; ARRAffinitySameSite=fca8f86e2aee5216a9504a5ef5a82caeab7a80b1093c88842a262c639a933047;Path=/;HttpOnly;SameSite=None;Secure;Domain=api-alex-12345.scm.azurewebsites.net" Content-Length="0" X-ARR-LOG-ID="8ea8ce87-2676-4bf5-ad1a-0eb0a892b1ad" CLIENT-IP="132.196.32.67:4096" X-SITE-DEPLOYMENT-ID="api-alex-12345" WAS-DEFAULT-HOSTNAME="api-alex-12345.scm.azurewebsites.net" X-Forwarded-Proto="https" X-AppService-Proto="https" X-Forwarded-TlsVersion="1.3" X-WAWS-Unencoded-URL="/api/deployments/latest?deployer=OneDeploy&amp;time=2025-09-09_14-47-32Z" X-Client-IP="132.196.32.67" X-Client-Port="4096" >
  <step title="Cleanup Xml Logs" date="2025-09-09T14:49:26.697" >
    <step title="Cleanup Infos" date="2025-09-09T14:49:26.728" totalFiles="474" totalCleanup="314" /><!-- duration: 29ms -->
  </step><!-- duration: 71ms -->
  <step title="DeploymentService.GetResult" date="2025-09-09T14:49:26.798" >
    <step title="DeploymentService.GetLatestDeployment" date="2025-09-09T14:49:26.826" >
      <step title="DeploymentManager.GetResults" date="2025-09-09T14:49:26.839" /><!-- duration: 863ms -->
    </step><!-- duration: 887ms -->
  </step><!-- duration: 943ms -->
  <step title="Outgoing response" date="2025-09-09T14:49:27.823" type="response" statusCode="202" statusText="Accepted" /><!-- duration: 10ms -->
</step><!-- duration: 1146ms -->
