<step title="Incoming Request" date="2025-09-09T13:36:55.921" instance="fca8f8" url="/api/deployments/latest?deployer=OneDeploy&amp;time=2025-09-09_13-28-18Z" method="GET" type="request" pid="771,1,27" Host="api-alex-12345.scm.azurewebsites.net" User-Agent="GITHUBACTIONS_DeployWebAppToAzure_93b2a8734c166ac70374b214e038f5641fc9b695d39cc946faded8ce607cf795" Authorization="Bas..." Content-Type="application/json; charset=utf-8" Cookie="ARRAffinity=fca8f86e2aee5216a9504a5ef5a82caeab7a80b1093c88842a262c639a933047;Path=/;HttpOnly;Secure;Domain=api-alex-12345.scm.azurewebsites.net; ARRAffinitySameSite=fca8f86e2aee5216a9504a5ef5a82caeab7a80b1093c88842a262c639a933047;Path=/;HttpOnly;SameSite=None;Secure;Domain=api-alex-12345.scm.azurewebsites.net" Content-Length="0" X-ARR-LOG-ID="75c3cdb9-fef0-4d7d-ae06-8e02f35f96c5" CLIENT-IP="68.220.59.57:14409" X-SITE-DEPLOYMENT-ID="api-alex-12345" WAS-DEFAULT-HOSTNAME="api-alex-12345.scm.azurewebsites.net" X-Forwarded-Proto="https" X-AppService-Proto="https" X-Forwarded-TlsVersion="1.3" X-WAWS-Unencoded-URL="/api/deployments/latest?deployer=OneDeploy&amp;time=2025-09-09_13-28-18Z" X-Client-IP="68.220.59.57" X-Client-Port="14409" >
  <step title="Cleanup Xml Logs" date="2025-09-09T13:36:55.923" >
    <step title="Cleanup Infos" date="2025-09-09T13:36:55.942" totalFiles="214" totalCleanup="54" /><!-- duration: 10ms -->
  </step><!-- duration: 30ms -->
  <step title="DeploymentService.GetResult" date="2025-09-09T13:36:55.972" >
    <step title="DeploymentService.GetLatestDeployment" date="2025-09-09T13:36:55.982" >
      <step title="DeploymentManager.GetResults" date="2025-09-09T13:36:55.992" /><!-- duration: 964ms -->
    </step><!-- duration: 997ms -->
  </step><!-- duration: 1074ms -->
  <step title="Outgoing response" date="2025-09-09T13:36:57.057" type="response" statusCode="202" statusText="Accepted" /><!-- duration: 2ms -->
</step><!-- duration: 1158ms -->
