<step title="Incoming Request" date="2025-09-08T11:26:39.958" instance="fca8f8" url="/api/publish?type=zip" method="POST" type="request" pid="768,1,5" Accept="*/*" Host="api-alex-12345.scm.azurewebsites.net" User-Agent="AZURECLI/2.77.0 (HOMEBREW)" Accept-Encoding="gzip, deflate" Authorization="Bea..." Cache-Control="no-cache" Content-Type="application/octet-stream" Cookie="ARRAffinity=fca8f86e2aee5216a9504a5ef5a82caeab7a80b1093c88842a262c639a933047; ARRAffinitySameSite=fca8f86e2aee5216a9504a5ef5a82caeab7a80b1093c88842a262c639a933047" Content-Length="1519" x-ms-client-request-id="ac0985ea-8ca6-11f0-a06c-da4a3deb5993" x-ms-artifact-checksum="50b205f7cd1e927623b6e379535d4b3ba1c06f65721a6ad9aa28ddb939f8646e" X-ARR-LOG-ID="ac0985ea-8ca6-11f0-a06c-da4a3deb5993" CLIENT-IP="202.36.244.30:61683" X-SITE-DEPLOYMENT-ID="api-alex-12345" WAS-DEFAULT-HOSTNAME="api-alex-12345.scm.azurewebsites.net" X-Forwarded-Proto="https" X-AppService-Proto="https" X-Forwarded-TlsVersion="1.3" X-WAWS-Unencoded-URL="/api/publish?type=zip" X-Client-IP="202.36.244.30" X-Client-Port="61683" >
  <step title="OneDeploy" date="2025-09-08T11:26:40.063" >
    <step title="None repository commit" date="2025-09-08T11:26:40.075" >
      <step title="Commit id: b27ec81b-534e-4bc6-8453-f7cf9dec2900" date="2025-09-08T11:26:40.078" Message="N/A" AuthorName="N/A" AuthorEmail="N/A" /><!-- duration: 2ms -->
    </step><!-- duration: 6ms -->
    <step title="Starting PushDeployAsync" date="2025-09-08T11:26:40.084" /><!-- duration: 2ms -->
    <step title="Writing artifact to /tmp/zipdeploy/d5ed3201-4ed2-4bce-a733-04c699cf7831.zip" date="2025-09-08T11:26:40.096" >
      <step title="Writing multipart request body to /tmp/zipdeploy/d5ed3201-4ed2-4bce-a733-04c699cf7831.zip" date="2025-09-08T11:26:40.098" /><!-- duration: 6ms -->
    </step><!-- duration: 149ms -->
    <step title="Attempting to fetch target branch HEAD" date="2025-09-08T11:26:40.256" /><!-- duration: 8ms -->
    <step title="Acquiring Deployment Lock" date="2025-09-08T11:26:40.276" /><!-- duration: 9ms -->
    <step title="Acquired Deployment Lock" date="2025-09-08T11:26:40.321" /><!-- duration: 3ms -->
    <step title="Performing fetch based deployment" date="2025-09-08T11:26:40.328" >
      <step title="Creating temporary deployment" date="2025-09-08T11:26:40.330" /><!-- duration: 47ms -->
      <step title="Releasing Deployment Lock" date="2025-09-08T11:26:41.637" /><!-- duration: 10ms -->
      <step title="Cleaning up temp folders from previous zip deployments and extracting pushed zip file /tmp/zipdeploy/d5ed3201-4ed2-4bce-a733-04c699cf7831.zip (0.00 MB) to /tmp/zipdeploy/extracted" date="2025-09-08T11:26:41.689" >
        <step title="ChmodRecursive Process exited with total time taken in ms: 50" date="2025-09-08T11:26:41.809" /><!-- duration: 10ms -->
      </step><!-- duration: 151ms -->
      <step title="None repository commit" date="2025-09-08T11:26:41.851" >
        <step title="Commit id: b27ec81b-534e-4bc6-8453-f7cf9dec2900" date="2025-09-08T11:26:41.858" Message="OneDeploy" AuthorName="N/A" AuthorEmail="N/A" /><!-- duration: 2ms -->
      </step><!-- duration: 10ms -->
      <step title="Deployment timer started" date="2025-09-08T11:26:43.865" >
        <step title="DeploymentManager.Deploy(id:b27ec81b-534e-4bc6-8453-f7cf9dec2900)" date="2025-09-08T11:26:43.867" >
          <step title="Collecting changeset information" date="2025-09-08T11:26:43.885" /><!-- duration: 106ms -->
          <step title="Updating submodules" date="2025-09-08T11:26:43.994" /><!-- duration: 1128ms -->
          <step title="Determining deployment builder" date="2025-09-08T11:26:45.336" >
            <step title="Builder is OryxBuilder" date="2025-09-08T11:26:45.350" /><!-- duration: 2ms -->
          </step><!-- duration: 17ms -->
          <step title="PreDeployment: context.CleanOutputPath False" date="2025-09-08T11:26:45.399" >
            <step title="PreDeployment: context.OutputPath /home/site/wwwroot" date="2025-09-08T11:26:46.395" >
              <step title="Building" date="2025-09-08T11:26:46.559" >
                <step title="Executing external process" date="2025-09-08T11:26:46.916" type="process" path="bash" arguments="-c &quot;oryx build /tmp/zipdeploy/extracted -o /home/site/wwwroot --platform python --platform-version 3.12 -p virtualenv_name=antenv --log-file /tmp/build-debug.log  -i /tmp/8ddeeca97c59fee --compress-destination-dir | tee /tmp/oryx-build.log ; exit $PIPESTATUS &quot;" /><!-- duration: 133448ms -->
                <step title="Using PythonDeploymentLogParser" date="2025-09-08T11:29:00.890" /><!-- duration: 3ms -->
                <step title="Modified file to trigger a restart of the app container." date="2025-09-08T11:29:02.523" /><!-- duration: 3ms -->
                <step title="Skip function trigger and logicapp sync because function is not enabled." date="2025-09-08T11:29:02.539" /><!-- duration: 5ms -->
              </step><!-- duration: 137183ms -->
            </step><!-- duration: 137353ms -->
            <step title="Cleaning up temp files" date="2025-09-08T11:29:03.751" /><!-- duration: 326ms -->
            <step title="Cleaning up temp files" date="2025-09-08T11:29:04.087" /><!-- duration: 517ms -->
            <step title="Reloading status file with latest updates" date="2025-09-08T11:29:04.706" >
              <step title="WebHooksManager.PublishEventAsync: PostDeployment" date="2025-09-08T11:29:04.709" /><!-- duration: 173ms -->
            </step><!-- duration: 205ms -->
            <step title="Cleaning up temporary deployment - fetch deployment was successful" date="2025-09-08T11:29:04.923" /><!-- duration: 9ms -->
          </step><!-- duration: 139689ms -->
        </step><!-- duration: 141231ms -->
        <step title="Outgoing response" date="2025-09-08T11:29:05.122" type="response" statusCode="200" statusText="OK" /><!-- duration: 8ms -->
      </step><!-- duration: 141335ms -->
