<step title="BackgroundTrace" date="2025-09-09T14:28:45.169" instance="fca8f8" url="/api/publish" method="POST" >
  <step title="Cleanup Xml Logs" date="2025-09-09T14:28:45.174" >
    <step title="Cleanup Infos" date="2025-09-09T14:28:45.187" totalFiles="381" totalCleanup="221" /><!-- duration: 8ms -->
  </step><!-- duration: 28ms -->
  <step title="Creating temporary deployment - FetchDeploymentManager" date="2025-09-09T14:28:45.266" /><!-- duration: 7ms -->
  <step title="Creating temporary deployment" date="2025-09-09T14:28:45.276" /><!-- duration: 116ms -->
  <step title="Performing fetch based deployment" date="2025-09-09T14:28:45.421" >
    <step title="Cleaning up temp folders from previous zip deployments and extracting pushed zip file /tmp/zipdeploy/878c6d7a-c7d4-45e4-9ff4-062cee9caa86.zip (143.41 MB) to /tmp/zipdeploy/extracted" date="2025-09-09T14:28:46.617" >
      <step title="ChmodRecursive Process exited with total time taken in ms: 24" date="2025-09-09T14:29:14.735" /><!-- duration: 3ms -->
    </step><!-- duration: 28128ms -->
    <step title="Deployment timer started" date="2025-09-09T14:29:16.770" >
      <step title="DeploymentManager.Deploy(id:f018e76a-8208-436e-88ba-0b8f8959593a)" date="2025-09-09T14:29:16.778" >
        <step title="Collecting changeset information" date="2025-09-09T14:29:16.829" /><!-- duration: 139ms -->
        <step title="Updating submodules" date="2025-09-09T14:29:16.972" /><!-- duration: 1116ms -->
        <step title="Determining deployment builder" date="2025-09-09T14:29:18.331" >
          <step title="Builder is OryxBuilder" date="2025-09-09T14:29:18.358" /><!-- duration: 2ms -->
        </step><!-- duration: 37ms -->
        <step title="PreDeployment: context.CleanOutputPath False" date="2025-09-09T14:29:18.428" >
          <step title="PreDeployment: context.OutputPath /home/site/wwwroot" date="2025-09-09T14:29:18.579" >
            <step title="Building" date="2025-09-09T14:29:18.697" >
              <step title="Executing external process" date="2025-09-09T14:29:19.051" type="process" path="bash" arguments="-c &quot;oryx build /tmp/zipdeploy/extracted -o /home/site/wwwroot --platform python --platform-version 3.12 -p virtualenv_name=antenv --log-file /tmp/build-debug.log  -i /tmp/8ddefad42b15bd6 --compress-destination-dir | tee /tmp/oryx-build.log ; exit $PIPESTATUS &quot;" >
                <step title="Cpu: gzip(7025,31.450s)+sh(7024,0.000s)+tar(7023,2.080s)+build.sh(6899,0.070s)+oryx(6878,5.560s)+tee(6879,0.000s)+bash(6877,0.000s)=total(39.160s)" date="2025-09-09T14:32:11.409" /><!-- duration: 9ms -->
                <step title="bash: no io activity for 60s, prev-cpu=-1.000s, current-cpu=39.160s" date="2025-09-09T14:32:11.427" /><!-- duration: 20ms -->
                <step title="Cpu: gzip(7025,51.580s)+sh(7024,0.000s)+tar(7023,3.680s)+build.sh(6899,0.070s)+oryx(6878,5.970s)+tee(6879,0.000s)+bash(6877,0.000s)=total(61.300s)" date="2025-09-09T14:33:12.116" /><!-- duration: 38ms -->
                <step title="bash: no io activity for 121s, prev-cpu=39.160s, current-cpu=61.300s" date="2025-09-09T14:33:12.175" /><!-- duration: 20ms -->
              </step><!-- duration: 274494ms -->
              <step title="Using PythonDeploymentLogParser" date="2025-09-09T14:33:53.925" /><!-- duration: 6ms -->
              <step title="Modified file to trigger a restart of the app container." date="2025-09-09T14:33:55.190" /><!-- duration: 2ms -->
              <step title="Skip function trigger and logicapp sync because function is not enabled." date="2025-09-09T14:33:55.207" /><!-- duration: 2ms -->
            </step><!-- duration: 277539ms -->
          </step><!-- duration: 277659ms -->
          <step title="Cleaning up temp files" date="2025-09-09T14:33:56.240" /><!-- duration: 3281ms -->
          <step title="Cleaning up temp files" date="2025-09-09T14:33:59.533" /><!-- duration: 510ms -->
          <step title="Reloading status file with latest updates" date="2025-09-09T14:34:00.064" >
            <step title="WebHooksManager.PublishEventAsync: PostDeployment" date="2025-09-09T14:34:00.066" /><!-- duration: 108ms -->
          </step><!-- duration: 112ms -->
          <step title="Cleaning up temporary deployment - fetch deployment was successful" date="2025-09-09T14:34:00.179" /><!-- duration: 2ms -->
        </step><!-- duration: 281790ms -->
      </step><!-- duration: 283451ms -->
