<step title="Incoming Request" date="2025-09-09T14:48:02.685" instance="fca8f8" url="/api/deployments/latest?deployer=OneDeploy&amp;time=2025-09-09_14-47-32Z" method="GET" type="request" pid="771,1,35" Host="api-alex-12345.scm.azurewebsites.net" User-Agent="GITHUBACTIONS_DeployWebAppToAzure_93b2a8734c166ac70374b214e038f5641fc9b695d39cc946faded8ce607cf795" Authorization="Bas..." Content-Type="application/json; charset=utf-8" Cookie="ARRAffinity=fca8f86e2aee5216a9504a5ef5a82caeab7a80b1093c88842a262c639a933047;Path=/;HttpOnly;Secure;Domain=api-alex-12345.scm.azurewebsites.net; ARRAffinitySameSite=fca8f86e2aee5216a9504a5ef5a82caeab7a80b1093c88842a262c639a933047;Path=/;HttpOnly;SameSite=None;Secure;Domain=api-alex-12345.scm.azurewebsites.net" Content-Length="0" X-ARR-LOG-ID="86a0264d-7a06-4dd8-a8fb-b510e2ddd83e" CLIENT-IP="132.196.32.67:4096" X-SITE-DEPLOYMENT-ID="api-alex-12345" WAS-DEFAULT-HOSTNAME="api-alex-12345.scm.azurewebsites.net" X-Forwarded-Proto="https" X-AppService-Proto="https" X-Forwarded-TlsVersion="1.3" X-WAWS-Unencoded-URL="/api/deployments/latest?deployer=OneDeploy&amp;time=2025-09-09_14-47-32Z" X-Client-IP="132.196.32.67" X-Client-Port="4096" >
  <step title="Cleanup Xml Logs" date="2025-09-09T14:48:02.727" >
    <step title="Cleanup Infos" date="2025-09-09T14:48:02.856" totalFiles="462" totalCleanup="302" /><!-- duration: 51ms -->
  </step><!-- duration: 202ms -->
  <step title="DeploymentService.GetResult" date="2025-09-09T14:48:02.967" >
    <step title="DeploymentService.GetLatestDeployment" date="2025-09-09T14:48:03.007" >
      <step title="DeploymentManager.GetResults" date="2025-09-09T14:48:03.029" /><!-- duration: 1164ms -->
    </step><!-- duration: 1226ms -->
  </step><!-- duration: 1299ms -->
  <step title="Outgoing response" date="2025-09-09T14:48:04.285" type="response" statusCode="202" statusText="Accepted" /><!-- duration: 11ms -->
</step><!-- duration: 1641ms -->
