<step title="Incoming Request" date="2025-09-09T14:48:17.082" instance="fca8f8" url="/api/deployments/latest?deployer=OneDeploy&amp;time=2025-09-09_14-47-32Z" method="GET" type="request" pid="771,1,30" Host="api-alex-12345.scm.azurewebsites.net" User-Agent="GITHUBACTIONS_DeployWebAppToAzure_93b2a8734c166ac70374b214e038f5641fc9b695d39cc946faded8ce607cf795" Authorization="Bas..." Content-Type="application/json; charset=utf-8" Cookie="ARRAffinity=fca8f86e2aee5216a9504a5ef5a82caeab7a80b1093c88842a262c639a933047;Path=/;HttpOnly;Secure;Domain=api-alex-12345.scm.azurewebsites.net; ARRAffinitySameSite=fca8f86e2aee5216a9504a5ef5a82caeab7a80b1093c88842a262c639a933047;Path=/;HttpOnly;SameSite=None;Secure;Domain=api-alex-12345.scm.azurewebsites.net" Content-Length="0" X-ARR-LOG-ID="905cf657-2d47-4f5e-a4f9-2e5b89865687" CLIENT-IP="132.196.32.67:4096" X-SITE-DEPLOYMENT-ID="api-alex-12345" WAS-DEFAULT-HOSTNAME="api-alex-12345.scm.azurewebsites.net" X-Forwarded-Proto="https" X-AppService-Proto="https" X-Forwarded-TlsVersion="1.3" X-WAWS-Unencoded-URL="/api/deployments/latest?deployer=OneDeploy&amp;time=2025-09-09_14-47-32Z" X-Client-IP="132.196.32.67" X-Client-Port="4096" >
  <step title="Cleanup Xml Logs" date="2025-09-09T14:48:17.091" >
    <step title="Cleanup Infos" date="2025-09-09T14:48:17.151" totalFiles="464" totalCleanup="304" /><!-- duration: 21ms -->
  </step><!-- duration: 91ms -->
  <step title="DeploymentService.GetResult" date="2025-09-09T14:48:17.193" >
    <step title="DeploymentService.GetLatestDeployment" date="2025-09-09T14:48:17.201" >
      <step title="DeploymentManager.GetResults" date="2025-09-09T14:48:17.203" /><!-- duration: 1008ms -->
    </step><!-- duration: 1060ms -->
  </step><!-- duration: 1096ms -->
  <step title="Outgoing response" date="2025-09-09T14:48:18.310" type="response" statusCode="202" statusText="Accepted" /><!-- duration: 10ms -->
</step><!-- duration: 1238ms -->
