<step title="Incoming Request" date="2025-09-09T14:15:23.403" instance="fca8f8" url="/api/publish?async=true&amp;deployer=GITHUB_ONE_DEPLOY&amp;type=zip&amp;message=%7B%22type%22%3A%22deployment%22%2C%22sha%22%3A%22494b7302158059ca24a91054e38b47d57416855f%22%2C%22repoName%22%3A%22HanshuoXue%2FAIex%22%2C%22actor%22%3A%22HanshuoXue%22%2C%22slotName%22%3A%22production%22%2C%22commitMessage%22%3A%22fix%3A%20Include%20flows%2F%20directory%20in%20deployment%20package%20and%20fix%20paths%5Cn%5Cn%F0%9F%94%A7%20Deployment%20Package%20Fix%3A%5Cn-%20Include%20flows%2F%20directory%20in%20api.zip%20deployment%20package%5Cn-%20Fix%20zip%20command%20to%20package%20both%20api%2F%20and%20flows%2F%20folders%5Cn-%20Ensure%20Prompt%20Flow%20configuration%20files%20are%20deployed%5Cn%5Cn%F0%9F%93%81%20Path%20Configuration%20Fix%3A%5Cn-%20Update%20path%20calculation%20for%20production%20environment%5Cn-%20Handle%20case%20where%20api%2F%20and%20flows%2F%20are%20sibling%20directories%5Cn-%20Add%20intelligent%20path%20detection%20for%20different%20deployment%20scenarios%5Cn-%20Maintain%20compatibility%20with%20local%20development%5Cn%5Cn%F0%9F%8E%AF%20Production%20Structure%3A%5Cn%2Ftmp%2Fdeployment_id%2F%5Cn%E2%94%9C%E2%94%80%E2%94%80%20api%2F%20%20%20%20%20%20%20%20%20%20%20(FastAPI%20application)%5Cn%E2%94%9C%E2%94%80%E2%94%80%20flows%2F%20%20%20%20%20%20%20%20%20(Prompt%20Flow%20configurations)%20%E2%86%90%20NOW%20INCLUDED%5Cn%E2%94%82%20%20%20%E2%94%94%E2%94%80%E2%94%80%20program_match%2F%5Cn%E2%94%94%E2%94%80%E2%94%80%20other%20files%5Cn%5Cn%E2%9C%85%20Expected%20Result%3A%5Cn-%20Prompt%20Flow%20will%20find%20correct%20configuration%20path%5Cn-%20AI%20evaluation%20will%20work%20properly%20in%20production%5Cn-%20No%20more%20%27Flow%20path%20does%20not%20exist%27%20errors%22%7D" method="POST" type="request" pid="771,1,3" Host="api-alex-12345.scm.azurewebsites.net" User-Agent="GITHUBACTIONS_DeployWebAppToAzure_93b2a8734c166ac70374b214e038f5641fc9b695d39cc946faded8ce607cf795" Authorization="Bas..." Content-Type="application/octet-stream" Cookie="ARRAffinity=fca8f86e2aee5216a9504a5ef5a82caeab7a80b1093c88842a262c639a933047;Path=/;HttpOnly;Secure;Domain=api-alex-12345.scm.azurewebsites.net; ARRAffinitySameSite=fca8f86e2aee5216a9504a5ef5a82caeab7a80b1093c88842a262c639a933047;Path=/;HttpOnly;SameSite=None;Secure;Domain=api-alex-12345.scm.azurewebsites.net" Transfer-Encoding="chunked" X-ARR-LOG-ID="632b0745-1921-4978-bf78-e4890b5af3a2" CLIENT-IP="172.184.214.224:17344" X-SITE-DEPLOYMENT-ID="api-alex-12345" WAS-DEFAULT-HOSTNAME="api-alex-12345.scm.azurewebsites.net" X-Forwarded-Proto="https" X-AppService-Proto="https" X-Forwarded-TlsVersion="1.3" X-WAWS-Unencoded-URL="/api/publish?async=true&amp;deployer=GITHUB_ONE_DEPLOY&amp;type=zip&amp;message=%7B%22type%22%3A%22deployment%22%2C%22sha%22%3A%22494b7302158059ca24a91054e38b47d57416855f%22%2C%22repoName%22%3A%22HanshuoXue%2FAIex%22%2C%22actor%22%3A%22HanshuoXue%22%2C%22slotName%22%3A%22production%22%2C%22commitMessage%22%3A%22fix%3A%20Include%20flows%2F%20directory%20in%20deployment%20package%20and%20fix%20paths%5Cn%5Cn%F0%9F%94%A7%20Deployment%20Package%20Fix%3A%5Cn-%20Include%20flows%2F%20directory%20in%20api.zip%20deployment%20package%5Cn-%20Fix%20zip%20command%20to%20package%20both%20api%2F%20and%20flows%2F%20folders%5Cn-%20Ensure%20Prompt%20Flow%20configuration%20files%20are%20deployed%5Cn%5Cn%F0%9F%93%81%20Path%20Configuration%20Fix%3A%5Cn-%20Update%20path%20calculation%20for%20production%20environment%5Cn-%20Handle%20case%20where%20api%2F%20and%20flows%2F%20are%20sibling%20directories%5Cn-%20Add%20intelligent%20path%20detection%20for%20different%20deployment%20scenarios%5Cn-%20Maintain%20compatibility%20with%20local%20development%5Cn%5Cn%F0%9F%8E%AF%20Production%20Structure%3A%5Cn%2Ftmp%2Fdeployment_id%2F%5Cn%E2%94%9C%E2%94%80%E2%94%80%20api%2F%20%20%20%20%20%20%20%20%20%20%20(FastAPI%20application)%5Cn%E2%94%9C%E2%94%80%E2%94%80%20flows%2F%20%20%20%20%20%20%20%20%20(Prompt%20Flow%20configurations)%20%E2%86%90%20NOW%20INCLUDED%5Cn%E2%94%82%20%20%20%E2%94%94%E2%94%80%E2%94%80%20program_match%2F%5Cn%E2%94%94%E2%94%80%E2%94%80%20other%20files%5Cn%5Cn%E2%9C%85%20Expected%20Result%3A%5Cn-%20Prompt%20Flow%20will%20find%20correct%20configuration%20path%5Cn-%20AI%20evaluation%20will%20work%20properly%20in%20production%5Cn-%20No%20more%20%27Flow%20path%20does%20not%20exist%27%20errors%22%7D" X-Client-IP="172.184.214.224" X-Client-Port="17344" >
  <step title="OneDeploy" date="2025-09-09T14:15:23.494" >
    <step title="Starting PushDeployAsync" date="2025-09-09T14:15:23.649" /><!-- duration: 3ms -->
    <step title="Writing artifact to /tmp/zipdeploy/89dc7e60-5cf2-42f2-a97a-c295fd30bd39.zip" date="2025-09-09T14:15:23.670" >
      <step title="Writing multipart request body to /tmp/zipdeploy/89dc7e60-5cf2-42f2-a97a-c295fd30bd39.zip" date="2025-09-09T14:15:23.680" /><!-- duration: 10ms -->
    </step><!-- duration: 8058ms -->
    <step title="Removing previous build artifact&apos;s manifest file" date="2025-09-09T14:15:31.747" >
      <step title="Start deployment in the background" date="2025-09-09T14:15:31.857" >
        <step title="Acquiring Deployment Lock" date="2025-09-09T14:15:32.062" /><!-- duration: 5ms -->
        <step title="Acquired Deployment Lock" date="2025-09-09T14:15:32.102" /><!-- duration: 3ms -->
      </step><!-- duration: 485ms -->
    </step><!-- duration: 685ms -->
    <step title="Outgoing response" date="2025-09-09T14:15:32.499" type="response" statusCode="202" statusText="Accepted" /><!-- duration: 12ms -->
  </step><!-- duration: 9027ms -->
