<step title="Incoming Request" date="2025-09-09T14:49:12.533" instance="fca8f8" url="/api/deployments/latest?deployer=OneDeploy&amp;time=2025-09-09_14-47-32Z" method="GET" type="request" pid="771,1,28" Host="api-alex-12345.scm.azurewebsites.net" User-Agent="GITHUBACTIONS_DeployWebAppToAzure_93b2a8734c166ac70374b214e038f5641fc9b695d39cc946faded8ce607cf795" Authorization="Bas..." Content-Type="application/json; charset=utf-8" Cookie="ARRAffinity=fca8f86e2aee5216a9504a5ef5a82caeab7a80b1093c88842a262c639a933047;Path=/;HttpOnly;Secure;Domain=api-alex-12345.scm.azurewebsites.net; ARRAffinitySameSite=fca8f86e2aee5216a9504a5ef5a82caeab7a80b1093c88842a262c639a933047;Path=/;HttpOnly;SameSite=None;Secure;Domain=api-alex-12345.scm.azurewebsites.net" Content-Length="0" X-ARR-LOG-ID="5bd1df6d-c310-4d5d-970f-000f9a00ee36" CLIENT-IP="132.196.32.67:4096" X-SITE-DEPLOYMENT-ID="api-alex-12345" WAS-DEFAULT-HOSTNAME="api-alex-12345.scm.azurewebsites.net" X-Forwarded-Proto="https" X-AppService-Proto="https" X-Forwarded-TlsVersion="1.3" X-WAWS-Unencoded-URL="/api/deployments/latest?deployer=OneDeploy&amp;time=2025-09-09_14-47-32Z" X-Client-IP="132.196.32.67" X-Client-Port="4096" >
  <step title="Cleanup Xml Logs" date="2025-09-09T14:49:12.571" >
    <step title="Cleanup Infos" date="2025-09-09T14:49:12.634" totalFiles="472" totalCleanup="312" /><!-- duration: 38ms -->
  </step><!-- duration: 121ms -->
  <step title="DeploymentService.GetResult" date="2025-09-09T14:49:12.714" >
    <step title="DeploymentService.GetLatestDeployment" date="2025-09-09T14:49:12.742" >
      <step title="DeploymentManager.GetResults" date="2025-09-09T14:49:12.812" /><!-- duration: 632ms -->
    </step><!-- duration: 704ms -->
  </step><!-- duration: 733ms -->
  <step title="Outgoing response" date="2025-09-09T14:49:13.449" type="response" statusCode="202" statusText="Accepted" /><!-- duration: 3ms -->
</step><!-- duration: 920ms -->
