<step title="BackgroundTrace" date="2025-09-09T14:47:32.321" instance="fca8f8" url="/api/publish" method="POST" >
  <step title="Cleanup Xml Logs" date="2025-09-09T14:47:32.351" >
    <step title="Cleanup Infos" date="2025-09-09T14:47:32.481" totalFiles="457" totalCleanup="297" /><!-- duration: 20ms -->
  </step><!-- duration: 171ms -->
  <step title="Creating temporary deployment - FetchDeploymentManager" date="2025-09-09T14:47:32.607" /><!-- duration: 1ms -->
  <step title="Creating temporary deployment" date="2025-09-09T14:47:32.610" /><!-- duration: 136ms -->
  <step title="Performing fetch based deployment" date="2025-09-09T14:47:32.777" >
    <step title="Cleaning up temp folders from previous zip deployments and extracting pushed zip file /tmp/zipdeploy/c5f6e3f8-3e69-4836-af3d-1159be6edb9b.zip (143.23 MB) to /tmp/zipdeploy/extracted" date="2025-09-09T14:47:34.308" >
      <step title="ChmodRecursive Process exited with total time taken in ms: 984" date="2025-09-09T14:48:03.562" /><!-- duration: 28ms -->
    </step><!-- duration: 29302ms -->
    <step title="Deployment timer started" date="2025-09-09T14:48:05.652" >
      <step title="DeploymentManager.Deploy(id:cffd1f50-1ae8-42e2-956f-fd17319840b4)" date="2025-09-09T14:48:05.662" >
        <step title="Collecting changeset information" date="2025-09-09T14:48:05.694" /><!-- duration: 134ms -->
        <step title="Updating submodules" date="2025-09-09T14:48:05.830" /><!-- duration: 1113ms -->
        <step title="Determining deployment builder" date="2025-09-09T14:48:07.165" >
          <step title="Builder is OryxBuilder" date="2025-09-09T14:48:07.180" /><!-- duration: 9ms -->
        </step><!-- duration: 27ms -->
        <step title="PreDeployment: context.CleanOutputPath False" date="2025-09-09T14:48:07.249" >
          <step title="PreDeployment: context.OutputPath /home/site/wwwroot" date="2025-09-09T14:48:07.376" >
            <step title="Building" date="2025-09-09T14:48:07.518" >
              <step title="Executing external process" date="2025-09-09T14:48:07.835" type="process" path="bash" arguments="-c &quot;oryx build /tmp/zipdeploy/extracted -o /home/site/wwwroot --platform python --platform-version 3.12 -p virtualenv_name=antenv --log-file /tmp/build-debug.log  -i /tmp/8ddefafe3874adc --compress-destination-dir | tee /tmp/oryx-build.log ; exit $PIPESTATUS &quot;" >
                <step title="Cpu: python(7561,44.430s)+ts(7562,0.170s)+build.sh(7560,0.000s)+build.sh(7559,0.000s)+build.sh(7469,0.060s)+oryx(7448,6.290s)+tee(7449,0.000s)+bash(7447,0.000s)=total(50.920s)" date="2025-09-09T14:50:05.977" /><!-- duration: 28ms -->
                <step title="bash: no io activity for 60s, prev-cpu=-1.000s, current-cpu=50.920s" date="2025-09-09T14:50:06.046" /><!-- duration: 9ms -->
                <step title="Cpu: python(7561,90.430s)+ts(7562,0.170s)+build.sh(7560,0.000s)+build.sh(7559,0.000s)+build.sh(7469,0.060s)+oryx(7448,6.640s)+tee(7449,0.000s)+bash(7447,0.000s)=total(97.280s)" date="2025-09-09T14:51:06.449" /><!-- duration: 22ms -->
                <step title="bash: no io activity for 121s, prev-cpu=50.920s, current-cpu=97.280s" date="2025-09-09T14:51:06.502" /><!-- duration: 19ms -->
                <step title="Cpu: python(7561,134.560s)+ts(7562,0.170s)+build.sh(7560,0.000s)+build.sh(7559,0.000s)+build.sh(7469,0.060s)+oryx(7448,6.950s)+tee(7449,0.000s)+bash(7447,0.000s)=total(141.740s)" date="2025-09-09T14:52:06.998" /><!-- duration: 11ms -->
                <step title="bash: no io activity for 182s, prev-cpu=97.280s, current-cpu=141.740s" date="2025-09-09T14:52:07.019" /><!-- duration: 42ms -->
                <step title="Cpu: rsync(7645,10.310s)+rsync(7644,1.210s)+rsync(7643,8.930s)+build.sh(7469,0.060s)+oryx(7448,7.910s)+tee(7449,0.000s)+bash(7447,0.000s)=total(28.400s)" date="2025-09-09T14:53:47.292" /><!-- duration: 10ms -->
                <step title="bash: no io activity for 61s, prev-cpu=-1.000s, current-cpu=28.400s" date="2025-09-09T14:53:47.312" /><!-- duration: 18ms -->
                <step title="Cpu: gzip(7681,40.570s)+sh(7680,0.000s)+tar(7679,3.000s)+build.sh(7469,0.070s)+oryx(7448,8.440s)+tee(7449,0.010s)+bash(7447,0.000s)=total(52.080s)" date="2025-09-09T14:55:17.838" /><!-- duration: 10ms -->
                <step title="bash: no io activity for 60s, prev-cpu=-1.000s, current-cpu=52.080s" date="2025-09-09T14:55:17.890" /><!-- duration: 39ms -->
                <step title="Cpu: gzip(7681,80.760s)+sh(7680,0.000s)+tar(7679,6.460s)+build.sh(7469,0.070s)+oryx(7448,8.680s)+tee(7449,0.010s)+bash(7447,0.000s)=total(95.980s)" date="2025-09-09T14:56:18.421" /><!-- duration: 12ms -->
                <step title="bash: no io activity for 121s, prev-cpu=52.080s, current-cpu=95.980s" date="2025-09-09T14:56:18.443" /><!-- duration: 29ms -->
                <step title="Cpu: gzip(7681,119.570s)+sh(7680,0.000s)+tar(7679,9.490s)+build.sh(7469,0.070s)+oryx(7448,8.760s)+tee(7449,0.010s)+bash(7447,0.000s)=total(137.900s)" date="2025-09-09T14:57:19.029" /><!-- duration: 50ms -->
                <step title="bash: no io activity for 181s, prev-cpu=95.980s, current-cpu=137.900s" date="2025-09-09T14:57:19.147" /><!-- duration: 23ms -->
              </step><!-- duration: 591553ms -->
              <step title="Using PythonDeploymentLogParser" date="2025-09-09T14:57:59.808" /><!-- duration: 2ms -->
              <step title="Modified file to trigger a restart of the app container." date="2025-09-09T14:58:01.619" /><!-- duration: 2ms -->
              <step title="Skip function trigger and logicapp sync because function is not enabled." date="2025-09-09T14:58:01.626" /><!-- duration: 10ms -->
            </step><!-- duration: 595908ms -->
          </step><!-- duration: 596081ms -->
          <step title="Cleaning up temp files" date="2025-09-09T14:58:03.465" /><!-- duration: 18067ms -->
          <step title="Cleaning up temp files" date="2025-09-09T14:58:21.553" /><!-- duration: 563ms -->
          <step title="Reloading status file with latest updates" date="2025-09-09T14:58:22.218" >
            <step title="WebHooksManager.PublishEventAsync: PostDeployment" date="2025-09-09T14:58:22.260" /><!-- duration: 181ms -->
          </step><!-- duration: 252ms -->
          <step title="Cleaning up temporary deployment - fetch deployment was successful" date="2025-09-09T14:58:22.500" /><!-- duration: 10ms -->
        </step><!-- duration: 615371ms -->
      </step><!-- duration: 617041ms -->
