<step title="Incoming Request" date="2025-09-09T13:37:50.966" instance="fca8f8" url="/api/deployments/latest?deployer=OneDeploy&amp;time=2025-09-09_13-28-18Z" method="GET" type="request" pid="771,1,31" Host="api-alex-12345.scm.azurewebsites.net" User-Agent="GITHUBACTIONS_DeployWebAppToAzure_93b2a8734c166ac70374b214e038f5641fc9b695d39cc946faded8ce607cf795" Authorization="Bas..." Content-Type="application/json; charset=utf-8" Cookie="ARRAffinity=fca8f86e2aee5216a9504a5ef5a82caeab7a80b1093c88842a262c639a933047;Path=/;HttpOnly;Secure;Domain=api-alex-12345.scm.azurewebsites.net; ARRAffinitySameSite=fca8f86e2aee5216a9504a5ef5a82caeab7a80b1093c88842a262c639a933047;Path=/;HttpOnly;SameSite=None;Secure;Domain=api-alex-12345.scm.azurewebsites.net" Content-Length="0" X-ARR-LOG-ID="89618d7f-b1db-495d-8862-dce03556b9da" CLIENT-IP="68.220.59.57:14410" X-SITE-DEPLOYMENT-ID="api-alex-12345" WAS-DEFAULT-HOSTNAME="api-alex-12345.scm.azurewebsites.net" X-Forwarded-Proto="https" X-AppService-Proto="https" X-Forwarded-TlsVersion="1.3" X-WAWS-Unencoded-URL="/api/deployments/latest?deployer=OneDeploy&amp;time=2025-09-09_13-28-18Z" X-Client-IP="68.220.59.57" X-Client-Port="14410" >
  <step title="Cleanup Xml Logs" date="2025-09-09T13:37:50.974" >
    <step title="Cleanup Infos" date="2025-09-09T13:37:51.005" totalFiles="222" totalCleanup="62" /><!-- duration: 21ms -->
  </step><!-- duration: 62ms -->
  <step title="DeploymentService.GetResult" date="2025-09-09T13:37:51.046" >
    <step title="DeploymentService.GetLatestDeployment" date="2025-09-09T13:37:51.048" >
      <step title="DeploymentManager.GetResults" date="2025-09-09T13:37:51.056" /><!-- duration: 551ms -->
    </step><!-- duration: 562ms -->
  </step><!-- duration: 573ms -->
  <step title="Outgoing response" date="2025-09-09T13:37:51.628" type="response" statusCode="202" statusText="Accepted" /><!-- duration: 2ms -->
</step><!-- duration: 665ms -->
