<step title="Incoming Request" date="2025-09-09T13:35:31.422" instance="fca8f8" url="/api/deployments/latest?deployer=OneDeploy&amp;time=2025-09-09_13-28-18Z" method="GET" type="request" pid="771,1,27" Host="api-alex-12345.scm.azurewebsites.net" User-Agent="GITHUBACTIONS_DeployWebAppToAzure_93b2a8734c166ac70374b214e038f5641fc9b695d39cc946faded8ce607cf795" Authorization="Bas..." Content-Type="application/json; charset=utf-8" Cookie="ARRAffinity=fca8f86e2aee5216a9504a5ef5a82caeab7a80b1093c88842a262c639a933047;Path=/;HttpOnly;Secure;Domain=api-alex-12345.scm.azurewebsites.net; ARRAffinitySameSite=fca8f86e2aee5216a9504a5ef5a82caeab7a80b1093c88842a262c639a933047;Path=/;HttpOnly;SameSite=None;Secure;Domain=api-alex-12345.scm.azurewebsites.net" Content-Length="0" X-ARR-LOG-ID="21ae51e7-3431-4d10-ba2f-333fda8c067d" CLIENT-IP="68.220.59.57:14408" X-SITE-DEPLOYMENT-ID="api-alex-12345" WAS-DEFAULT-HOSTNAME="api-alex-12345.scm.azurewebsites.net" X-Forwarded-Proto="https" X-AppService-Proto="https" X-Forwarded-TlsVersion="1.3" X-WAWS-Unencoded-URL="/api/deployments/latest?deployer=OneDeploy&amp;time=2025-09-09_13-28-18Z" X-Client-IP="68.220.59.57" X-Client-Port="14408" >
  <step title="Cleanup Xml Logs" date="2025-09-09T13:35:31.442" >
    <step title="Cleanup Infos" date="2025-09-09T13:35:31.501" totalFiles="201" totalCleanup="41" /><!-- duration: 72ms -->
  </step><!-- duration: 134ms -->
  <step title="DeploymentService.GetResult" date="2025-09-09T13:35:31.593" >
    <step title="DeploymentService.GetLatestDeployment" date="2025-09-09T13:35:31.595" >
      <step title="DeploymentManager.GetResults" date="2025-09-09T13:35:31.603" /><!-- duration: 493ms -->
    </step><!-- duration: 512ms -->
  </step><!-- duration: 522ms -->
  <step title="Outgoing response" date="2025-09-09T13:35:32.126" type="response" statusCode="202" statusText="Accepted" /><!-- duration: 13ms -->
</step><!-- duration: 735ms -->
