<step title="Incoming Request" date="2025-09-09T14:47:20.245" instance="fca8f8" url="/api/publish?async=true&amp;deployer=GITHUB_ONE_DEPLOY&amp;type=zip&amp;message=%7B%22type%22%3A%22deployment%22%2C%22sha%22%3A%228e37f8310028645453a1e1f25cea8a2f4a00729b%22%2C%22repoName%22%3A%22HanshuoXue%2FAIex%22%2C%22actor%22%3A%22HanshuoXue%22%2C%22slotName%22%3A%22production%22%2C%22commitMessage%22%3A%22fix%3A%20Correct%20deployment%20package%20structure%5Cn%5Cn%F0%9F%94%A7%20Package%20Structure%20Fix%3A%5Cn-%20Fix%20zip%20command%20to%20create%20correct%20deployment%20structure%5Cn-%20Ensure%20main.py%20is%20in%20root%20of%20deployment%20package%5Cn-%20Include%20flows%2F%20directory%20at%20correct%20relative%20path%5Cn%5Cn%F0%9F%93%A6%20Before%20(incorrect)%3A%5Cnapi.zip%2F%5Cn%E2%94%9C%E2%94%80%E2%94%80%20api%2Fmain.py%20%20%20%20%20%E2%86%90%20nested%20in%20api%2F%20folder%5Cn%E2%94%94%E2%94%80%E2%94%80%20flows%2F%5Cn%5Cn%F0%9F%93%A6%20After%20(correct)%3A%5Cnapi.zip%2F%5Cn%E2%94%9C%E2%94%80%E2%94%80%20main.py%20%20%20%20%20%20%20%20%20%E2%86%90%20directly%20in%20root%5Cn%E2%94%9C%E2%94%80%E2%94%80%20flows%2F%20%20%20%20%20%20%20%20%20%20%E2%86%90%20accessible%20from%20main.py%5Cn%E2%94%94%E2%94%80%E2%94%80%20other%20files%5Cn%5Cn%E2%9C%85%20Expected%20Result%3A%5Cn-%20FastAPI%20endpoints%20will%20be%20properly%20discovered%5Cn-%20Prompt%20Flow%20will%20find%20flows%2F%20directory%5Cn-%20All%20API%20endpoints%20(%2Fmatch%2C%20%2Fmatch%2Fdetailed%2C%20%2Fmatch%2Fall%2C%20%2Fdebug)%20available%22%7D" method="POST" type="request" pid="771,1,24" Host="api-alex-12345.scm.azurewebsites.net" User-Agent="GITHUBACTIONS_DeployWebAppToAzure_93b2a8734c166ac70374b214e038f5641fc9b695d39cc946faded8ce607cf795" Authorization="Bas..." Content-Type="application/octet-stream" Cookie="ARRAffinity=fca8f86e2aee5216a9504a5ef5a82caeab7a80b1093c88842a262c639a933047;Path=/;HttpOnly;Secure;Domain=api-alex-12345.scm.azurewebsites.net; ARRAffinitySameSite=fca8f86e2aee5216a9504a5ef5a82caeab7a80b1093c88842a262c639a933047;Path=/;HttpOnly;SameSite=None;Secure;Domain=api-alex-12345.scm.azurewebsites.net" Transfer-Encoding="chunked" X-ARR-LOG-ID="cd50767a-2cc5-47be-a47c-37a2276a0d50" CLIENT-IP="132.196.32.67:4096" X-SITE-DEPLOYMENT-ID="api-alex-12345" WAS-DEFAULT-HOSTNAME="api-alex-12345.scm.azurewebsites.net" X-Forwarded-Proto="https" X-AppService-Proto="https" X-Forwarded-TlsVersion="1.3" X-WAWS-Unencoded-URL="/api/publish?async=true&amp;deployer=GITHUB_ONE_DEPLOY&amp;type=zip&amp;message=%7B%22type%22%3A%22deployment%22%2C%22sha%22%3A%228e37f8310028645453a1e1f25cea8a2f4a00729b%22%2C%22repoName%22%3A%22HanshuoXue%2FAIex%22%2C%22actor%22%3A%22HanshuoXue%22%2C%22slotName%22%3A%22production%22%2C%22commitMessage%22%3A%22fix%3A%20Correct%20deployment%20package%20structure%5Cn%5Cn%F0%9F%94%A7%20Package%20Structure%20Fix%3A%5Cn-%20Fix%20zip%20command%20to%20create%20correct%20deployment%20structure%5Cn-%20Ensure%20main.py%20is%20in%20root%20of%20deployment%20package%5Cn-%20Include%20flows%2F%20directory%20at%20correct%20relative%20path%5Cn%5Cn%F0%9F%93%A6%20Before%20(incorrect)%3A%5Cnapi.zip%2F%5Cn%E2%94%9C%E2%94%80%E2%94%80%20api%2Fmain.py%20%20%20%20%20%E2%86%90%20nested%20in%20api%2F%20folder%5Cn%E2%94%94%E2%94%80%E2%94%80%20flows%2F%5Cn%5Cn%F0%9F%93%A6%20After%20(correct)%3A%5Cnapi.zip%2F%5Cn%E2%94%9C%E2%94%80%E2%94%80%20main.py%20%20%20%20%20%20%20%20%20%E2%86%90%20directly%20in%20root%5Cn%E2%94%9C%E2%94%80%E2%94%80%20flows%2F%20%20%20%20%20%20%20%20%20%20%E2%86%90%20accessible%20from%20main.py%5Cn%E2%94%94%E2%94%80%E2%94%80%20other%20files%5Cn%5Cn%E2%9C%85%20Expected%20Result%3A%5Cn-%20FastAPI%20endpoints%20will%20be%20properly%20discovered%5Cn-%20Prompt%20Flow%20will%20find%20flows%2F%20directory%5Cn-%20All%20API%20endpoints%20(%2Fmatch%2C%20%2Fmatch%2Fdetailed%2C%20%2Fmatch%2Fall%2C%20%2Fdebug)%20available%22%7D" X-Client-IP="132.196.32.67" X-Client-Port="4096" >
  <step title="Cleanup Xml Logs" date="2025-09-09T14:47:20.285" >
    <step title="Cleanup Infos" date="2025-09-09T14:47:20.346" totalFiles="456" totalCleanup="296" /><!-- duration: 58ms -->
  </step><!-- duration: 128ms -->
  <step title="OneDeploy" date="2025-09-09T14:47:20.617" >
    <step title="Starting PushDeployAsync" date="2025-09-09T14:47:20.718" /><!-- duration: 38ms -->
    <step title="Writing artifact to /tmp/zipdeploy/c5f6e3f8-3e69-4836-af3d-1159be6edb9b.zip" date="2025-09-09T14:47:20.778" >
      <step title="Writing multipart request body to /tmp/zipdeploy/c5f6e3f8-3e69-4836-af3d-1159be6edb9b.zip" date="2025-09-09T14:47:20.798" /><!-- duration: 27ms -->
    </step><!-- duration: 11440ms -->
    <step title="Removing previous build artifact&apos;s manifest file" date="2025-09-09T14:47:32.248" >
      <step title="Start deployment in the background" date="2025-09-09T14:47:32.301" >
        <step title="Acquiring Deployment Lock" date="2025-09-09T14:47:32.550" /><!-- duration: 2ms -->
        <step title="Acquired Deployment Lock" date="2025-09-09T14:47:32.602" /><!-- duration: 3ms -->
      </step><!-- duration: 448ms -->
    </step><!-- duration: 514ms -->
    <step title="Outgoing response" date="2025-09-09T14:47:32.766" type="response" statusCode="202" statusText="Accepted" /><!-- duration: 1ms -->
  </step><!-- duration: 12152ms -->
