<step title="Incoming Request" date="2025-09-09T13:28:10.425" instance="fca8f8" url="/api/publish?async=true&amp;deployer=GITHUB_ONE_DEPLOY&amp;type=zip&amp;message=%7B%22type%22%3A%22deployment%22%2C%22sha%22%3A%22ccc31ae41549464c0b3902cf2fa57ae4c7f1ec92%22%2C%22repoName%22%3A%22HanshuoXue%2FAIex%22%2C%22actor%22%3A%22HanshuoXue%22%2C%22slotName%22%3A%22production%22%2C%22commitMessage%22%3A%22fix%3A%20Connect%20frontend%20to%20production%20backend%20API%5Cn%5Cn%F0%9F%94%97%20API%20Integration%3A%5Cn-%20Update%20frontend%20API%20routes%20to%20point%20to%20https%3A%2F%2Fapi-alex-12345.azurewebsites.net%5Cn-%20Fix%20CORS%20configuration%20in%20backend%20(remove%20extra%20slash)%5Cn-%20Ensure%20proper%20cross-origin%20communication%20between%20frontend%20and%20backend%5Cn%5Cn%F0%9F%8C%90%20Production%20URLs%3A%5Cn-%20Frontend%3A%20https%3A%2F%2Fred-sand-0d1794703.2.azurestaticapps.net%5Cn-%20Backend%3A%20https%3A%2F%2Fapi-alex-12345.azurewebsites.net%5Cn%5Cn%E2%9C%85%20CORS%20Configuration%3A%5Cn-%20Allow%20requests%20from%20Static%20Web%20App%20domain%5Cn-%20Enable%20all%20HTTP%20methods%20and%20headers%5Cn-%20Support%20credentials%20for%20secure%20API%20calls%5Cn%5Cn%F0%9F%9A%80%20Ready%20for%20Production%3A%5Cn-%20Frontend%20deployed%20on%20Azure%20Static%20Web%20Apps%5Cn-%20Backend%20deployed%20on%20Azure%20App%20Service%5Cn-%20Proper%20API%20endpoint%20configuration%22%7D" method="POST" type="request" pid="771,1,23" Host="api-alex-12345.scm.azurewebsites.net" User-Agent="GITHUBACTIONS_DeployWebAppToAzure_93b2a8734c166ac70374b214e038f5641fc9b695d39cc946faded8ce607cf795" Authorization="Bas..." Content-Type="application/octet-stream" Cookie="ARRAffinity=fca8f86e2aee5216a9504a5ef5a82caeab7a80b1093c88842a262c639a933047;Path=/;HttpOnly;Secure;Domain=api-alex-12345.scm.azurewebsites.net; ARRAffinitySameSite=fca8f86e2aee5216a9504a5ef5a82caeab7a80b1093c88842a262c639a933047;Path=/;HttpOnly;SameSite=None;Secure;Domain=api-alex-12345.scm.azurewebsites.net" Transfer-Encoding="chunked" X-ARR-LOG-ID="eea51780-7bdf-4277-9a26-950b32d661ed" CLIENT-IP="68.220.59.57:14408" X-SITE-DEPLOYMENT-ID="api-alex-12345" WAS-DEFAULT-HOSTNAME="api-alex-12345.scm.azurewebsites.net" X-Forwarded-Proto="https" X-AppService-Proto="https" X-Forwarded-TlsVersion="1.3" X-WAWS-Unencoded-URL="/api/publish?async=true&amp;deployer=GITHUB_ONE_DEPLOY&amp;type=zip&amp;message=%7B%22type%22%3A%22deployment%22%2C%22sha%22%3A%22ccc31ae41549464c0b3902cf2fa57ae4c7f1ec92%22%2C%22repoName%22%3A%22HanshuoXue%2FAIex%22%2C%22actor%22%3A%22HanshuoXue%22%2C%22slotName%22%3A%22production%22%2C%22commitMessage%22%3A%22fix%3A%20Connect%20frontend%20to%20production%20backend%20API%5Cn%5Cn%F0%9F%94%97%20API%20Integration%3A%5Cn-%20Update%20frontend%20API%20routes%20to%20point%20to%20https%3A%2F%2Fapi-alex-12345.azurewebsites.net%5Cn-%20Fix%20CORS%20configuration%20in%20backend%20(remove%20extra%20slash)%5Cn-%20Ensure%20proper%20cross-origin%20communication%20between%20frontend%20and%20backend%5Cn%5Cn%F0%9F%8C%90%20Production%20URLs%3A%5Cn-%20Frontend%3A%20https%3A%2F%2Fred-sand-0d1794703.2.azurestaticapps.net%5Cn-%20Backend%3A%20https%3A%2F%2Fapi-alex-12345.azurewebsites.net%5Cn%5Cn%E2%9C%85%20CORS%20Configuration%3A%5Cn-%20Allow%20requests%20from%20Static%20Web%20App%20domain%5Cn-%20Enable%20all%20HTTP%20methods%20and%20headers%5Cn-%20Support%20credentials%20for%20secure%20API%20calls%5Cn%5Cn%F0%9F%9A%80%20Ready%20for%20Production%3A%5Cn-%20Frontend%20deployed%20on%20Azure%20Static%20Web%20Apps%5Cn-%20Backend%20deployed%20on%20Azure%20App%20Service%5Cn-%20Proper%20API%20endpoint%20configuration%22%7D" X-Client-IP="68.220.59.57" X-Client-Port="14408" >
  <step title="OneDeploy" date="2025-09-09T13:28:10.504" >
    <step title="Starting PushDeployAsync" date="2025-09-09T13:28:10.535" /><!-- duration: 9ms -->
    <step title="Writing artifact to /tmp/zipdeploy/e225bf4c-1a61-42a7-a0b3-f2d27c6d4c74.zip" date="2025-09-09T13:28:10.585" >
      <step title="Writing multipart request body to /tmp/zipdeploy/e225bf4c-1a61-42a7-a0b3-f2d27c6d4c74.zip" date="2025-09-09T13:28:10.615" /><!-- duration: 11ms -->
    </step><!-- duration: 6835ms -->
    <step title="Removing previous build artifact&apos;s manifest file" date="2025-09-09T13:28:17.448" >
      <step title="Start deployment in the background" date="2025-09-09T13:28:17.538" >
        <step title="Acquiring Deployment Lock" date="2025-09-09T13:28:17.640" /><!-- duration: 9ms -->
        <step title="Acquired Deployment Lock" date="2025-09-09T13:28:17.702" /><!-- duration: 17ms -->
      </step><!-- duration: 487ms -->
    </step><!-- duration: 613ms -->
    <step title="Outgoing response" date="2025-09-09T13:28:18.074" type="response" statusCode="202" statusText="Accepted" /><!-- duration: 9ms -->
  </step><!-- duration: 7580ms -->
