<step title="Incoming Request" date="2025-09-09T13:57:27.619" instance="fca8f8" url="/api/deployments/latest?deployer=OneDeploy&amp;time=2025-09-09_13-56-28Z" method="GET" type="request" pid="771,1,34" Host="api-alex-12345.scm.azurewebsites.net" User-Agent="GITHUBACTIONS_DeployWebAppToAzure_93b2a8734c166ac70374b214e038f5641fc9b695d39cc946faded8ce607cf795" Authorization="Bas..." Content-Type="application/json; charset=utf-8" Cookie="ARRAffinity=fca8f86e2aee5216a9504a5ef5a82caeab7a80b1093c88842a262c639a933047;Path=/;HttpOnly;Secure;Domain=api-alex-12345.scm.azurewebsites.net; ARRAffinitySameSite=fca8f86e2aee5216a9504a5ef5a82caeab7a80b1093c88842a262c639a933047;Path=/;HttpOnly;SameSite=None;Secure;Domain=api-alex-12345.scm.azurewebsites.net" Content-Length="0" X-ARR-LOG-ID="c7c6ae8b-c39e-452e-a451-3a4dc4a0dbbc" CLIENT-IP="52.159.245.162:54289" X-SITE-DEPLOYMENT-ID="api-alex-12345" WAS-DEFAULT-HOSTNAME="api-alex-12345.scm.azurewebsites.net" X-Forwarded-Proto="https" X-AppService-Proto="https" X-Forwarded-TlsVersion="1.3" X-WAWS-Unencoded-URL="/api/deployments/latest?deployer=OneDeploy&amp;time=2025-09-09_13-56-28Z" X-Client-IP="52.159.245.162" X-Client-Port="54289" >
  <step title="Cleanup Xml Logs" date="2025-09-09T13:57:27.629" >
    <step title="Cleanup Infos" date="2025-09-09T13:57:27.650" totalFiles="242" totalCleanup="82" /><!-- duration: 19ms -->
  </step><!-- duration: 51ms -->
  <step title="DeploymentService.GetResult" date="2025-09-09T13:57:27.719" >
    <step title="DeploymentService.GetLatestDeployment" date="2025-09-09T13:57:27.722" >
      <step title="DeploymentManager.GetResults" date="2025-09-09T13:57:27.749" /><!-- duration: 1096ms -->
    </step><!-- duration: 1143ms -->
  </step><!-- duration: 1157ms -->
  <step title="Outgoing response" date="2025-09-09T13:57:28.946" type="response" statusCode="202" statusText="Accepted" /><!-- duration: 21ms -->
</step><!-- duration: 1368ms -->
