<step title="Incoming Request" date="2025-09-09T13:10:20.396" instance="fca8f8" url="/api/publish?async=true&amp;deployer=GITHUB_ONE_DEPLOY&amp;type=zip&amp;message=%7B%22type%22%3A%22deployment%22%2C%22sha%22%3A%227ab50899df83cd86956d83866654227c7cf2b3e5%22%2C%22repoName%22%3A%22HanshuoXue%2FAIex%22%2C%22actor%22%3A%22HanshuoXue%22%2C%22slotName%22%3A%22production%22%2C%22commitMessage%22%3A%22fix%3A%20Resolve%20Azure%20App%20Service%20deployment%20issues%5Cn%5Cn%F0%9F%94%A7%20Deployment%20Fixes%3A%5Cn-%20Remove%20startup-command%20from%20azure%2Fwebapps-deploy%40v3%20(not%20supported%20with%20publish-profile)%5Cn-%20Create%20api%2Fstartup.txt%20with%20gunicorn%20configuration%5Cn-%20Add%20gunicorn%20to%20requirements.txt%20for%20production%20server%5Cn%5Cn%F0%9F%93%A6%20Dependencies%3A%5Cn-%20Add%20gunicorn%20for%20Azure%20App%20Service%20deployment%5Cn-%20Ensure%20all%20Prompt%20Flow%20dependencies%20are%20included%5Cn%5Cn%F0%9F%9A%80%20Production%20Ready%3A%5Cn-%20TypeScript%20errors%20resolved%5Cn-%20Build%20passes%20successfully%5Cn-%20Deployment%20configuration%20fixed%5Cn-%20Ready%20for%20Azure%20App%20Service%20deployment%22%7D" method="POST" type="request" pid="771,1,39" Host="api-alex-12345.scm.azurewebsites.net" User-Agent="GITHUBACTIONS_DeployWebAppToAzure_93b2a8734c166ac70374b214e038f5641fc9b695d39cc946faded8ce607cf795" Authorization="Bas..." Content-Type="application/octet-stream" Cookie="ARRAffinity=fca8f86e2aee5216a9504a5ef5a82caeab7a80b1093c88842a262c639a933047;Path=/;HttpOnly;Secure;Domain=api-alex-12345.scm.azurewebsites.net; ARRAffinitySameSite=fca8f86e2aee5216a9504a5ef5a82caeab7a80b1093c88842a262c639a933047;Path=/;HttpOnly;SameSite=None;Secure;Domain=api-alex-12345.scm.azurewebsites.net" Transfer-Encoding="chunked" X-ARR-LOG-ID="385d03cd-ee3a-4f86-9ae1-e9fd22d60441" CLIENT-IP="52.173.182.163:59392" X-SITE-DEPLOYMENT-ID="api-alex-12345" WAS-DEFAULT-HOSTNAME="api-alex-12345.scm.azurewebsites.net" X-Forwarded-Proto="https" X-AppService-Proto="https" X-Forwarded-TlsVersion="1.3" X-WAWS-Unencoded-URL="/api/publish?async=true&amp;deployer=GITHUB_ONE_DEPLOY&amp;type=zip&amp;message=%7B%22type%22%3A%22deployment%22%2C%22sha%22%3A%227ab50899df83cd86956d83866654227c7cf2b3e5%22%2C%22repoName%22%3A%22HanshuoXue%2FAIex%22%2C%22actor%22%3A%22HanshuoXue%22%2C%22slotName%22%3A%22production%22%2C%22commitMessage%22%3A%22fix%3A%20Resolve%20Azure%20App%20Service%20deployment%20issues%5Cn%5Cn%F0%9F%94%A7%20Deployment%20Fixes%3A%5Cn-%20Remove%20startup-command%20from%20azure%2Fwebapps-deploy%40v3%20(not%20supported%20with%20publish-profile)%5Cn-%20Create%20api%2Fstartup.txt%20with%20gunicorn%20configuration%5Cn-%20Add%20gunicorn%20to%20requirements.txt%20for%20production%20server%5Cn%5Cn%F0%9F%93%A6%20Dependencies%3A%5Cn-%20Add%20gunicorn%20for%20Azure%20App%20Service%20deployment%5Cn-%20Ensure%20all%20Prompt%20Flow%20dependencies%20are%20included%5Cn%5Cn%F0%9F%9A%80%20Production%20Ready%3A%5Cn-%20TypeScript%20errors%20resolved%5Cn-%20Build%20passes%20successfully%5Cn-%20Deployment%20configuration%20fixed%5Cn-%20Ready%20for%20Azure%20App%20Service%20deployment%22%7D" X-Client-IP="52.173.182.163" X-Client-Port="59392" >
  <step title="OneDeploy" date="2025-09-09T13:10:20.486" >
    <step title="None repository commit" date="2025-09-09T13:10:20.514" >
      <step title="Commit id: 1e86ad98-ac8e-4bac-b907-d1e8578d75e9" date="2025-09-09T13:10:20.517" Message="N/A" AuthorName="N/A" AuthorEmail="N/A" /><!-- duration: 2ms -->
    </step><!-- duration: 6ms -->
    <step title="Starting PushDeployAsync" date="2025-09-09T13:10:20.524" /><!-- duration: 2ms -->
    <step title="Writing artifact to /tmp/zipdeploy/07bb67e8-336e-4cbc-9e63-5e5ea6230af5.zip" date="2025-09-09T13:10:20.547" >
      <step title="Writing multipart request body to /tmp/zipdeploy/07bb67e8-336e-4cbc-9e63-5e5ea6230af5.zip" date="2025-09-09T13:10:20.566" /><!-- duration: 19ms -->
    </step><!-- duration: 8324ms -->
    <step title="Removing previous build artifact&apos;s manifest file" date="2025-09-09T13:10:28.876" >
      <step title="Start deployment in the background" date="2025-09-09T13:10:28.896" >
        <step title="Acquiring Deployment Lock" date="2025-09-09T13:10:28.967" /><!-- duration: 1ms -->
        <step title="Acquired Deployment Lock" date="2025-09-09T13:10:29.025" /><!-- duration: 2ms -->
      </step><!-- duration: 480ms -->
    </step><!-- duration: 533ms -->
    <step title="Outgoing response" date="2025-09-09T13:10:29.485" type="response" statusCode="202" statusText="Accepted" /><!-- duration: 12ms -->
  </step><!-- duration: 9012ms -->
