﻿<?xml version="1.0" encoding="utf-8"?>
<deployment>
  <id>5c5c2cdb-5281-4c2f-bfa5-0465c0cb9a26</id>
  <author>N/A</author>
  <deployer>OneDeploy</deployer>
  <authorEmail>N/A</authorEmail>
  <message>OneDeploy</message>
  <progress></progress>
  <status>Success</status>
  <statusText></statusText>
  <lastSuccessEndTime>2025-09-09T19:56:42.6677385Z</lastSuccessEndTime>
  <receivedTime>2025-09-09T19:50:59.0220034Z</receivedTime>
  <startTime>2025-09-09T19:51:00.4631295Z</startTime>
  <endTime>2025-09-09T19:56:42.6677385Z</endTime>
  <complete>True</complete>
  <is_temp>False</is_temp>
  <is_readonly>True</is_readonly>
  <buildSummary />
</deployment>